[{"model": "auth.permission", "pk": 1, "fields": {"name": "Can add log entry", "content_type": 1, "codename": "add_logentry"}}, {"model": "auth.permission", "pk": 2, "fields": {"name": "Can change log entry", "content_type": 1, "codename": "change_logentry"}}, {"model": "auth.permission", "pk": 3, "fields": {"name": "Can delete log entry", "content_type": 1, "codename": "delete_logentry"}}, {"model": "auth.permission", "pk": 4, "fields": {"name": "Can view log entry", "content_type": 1, "codename": "view_logentry"}}, {"model": "auth.permission", "pk": 5, "fields": {"name": "Can add permission", "content_type": 2, "codename": "add_permission"}}, {"model": "auth.permission", "pk": 6, "fields": {"name": "Can change permission", "content_type": 2, "codename": "change_permission"}}, {"model": "auth.permission", "pk": 7, "fields": {"name": "Can delete permission", "content_type": 2, "codename": "delete_permission"}}, {"model": "auth.permission", "pk": 8, "fields": {"name": "Can view permission", "content_type": 2, "codename": "view_permission"}}, {"model": "auth.permission", "pk": 9, "fields": {"name": "Can add group", "content_type": 3, "codename": "add_group"}}, {"model": "auth.permission", "pk": 10, "fields": {"name": "Can change group", "content_type": 3, "codename": "change_group"}}, {"model": "auth.permission", "pk": 11, "fields": {"name": "Can delete group", "content_type": 3, "codename": "delete_group"}}, {"model": "auth.permission", "pk": 12, "fields": {"name": "Can view group", "content_type": 3, "codename": "view_group"}}, {"model": "auth.permission", "pk": 13, "fields": {"name": "Can add content type", "content_type": 4, "codename": "add_contenttype"}}, {"model": "auth.permission", "pk": 14, "fields": {"name": "Can change content type", "content_type": 4, "codename": "change_contenttype"}}, {"model": "auth.permission", "pk": 15, "fields": {"name": "Can delete content type", "content_type": 4, "codename": "delete_contenttype"}}, {"model": "auth.permission", "pk": 16, "fields": {"name": "Can view content type", "content_type": 4, "codename": "view_contenttype"}}, {"model": "auth.permission", "pk": 17, "fields": {"name": "Can add session", "content_type": 5, "codename": "add_session"}}, {"model": "auth.permission", "pk": 18, "fields": {"name": "Can change session", "content_type": 5, "codename": "change_session"}}, {"model": "auth.permission", "pk": 19, "fields": {"name": "Can delete session", "content_type": 5, "codename": "delete_session"}}, {"model": "auth.permission", "pk": 20, "fields": {"name": "Can view session", "content_type": 5, "codename": "view_session"}}, {"model": "auth.permission", "pk": 21, "fields": {"name": "Can add users", "content_type": 6, "codename": "add_users"}}, {"model": "auth.permission", "pk": 22, "fields": {"name": "Can change users", "content_type": 6, "codename": "change_users"}}, {"model": "auth.permission", "pk": 23, "fields": {"name": "Can delete users", "content_type": 6, "codename": "delete_users"}}, {"model": "auth.permission", "pk": 24, "fields": {"name": "Can view users", "content_type": 6, "codename": "view_users"}}, {"model": "auth.permission", "pk": 25, "fields": {"name": "Can add temporary user", "content_type": 7, "codename": "add_temporaryuser"}}, {"model": "auth.permission", "pk": 26, "fields": {"name": "Can change temporary user", "content_type": 7, "codename": "change_temporaryuser"}}, {"model": "auth.permission", "pk": 27, "fields": {"name": "Can delete temporary user", "content_type": 7, "codename": "delete_temporaryuser"}}, {"model": "auth.permission", "pk": 28, "fields": {"name": "Can view temporary user", "content_type": 7, "codename": "view_temporaryuser"}}, {"model": "auth.permission", "pk": 29, "fields": {"name": "Can add Userprofile", "content_type": 8, "codename": "add_userprofile"}}, {"model": "auth.permission", "pk": 30, "fields": {"name": "Can change Userprofile", "content_type": 8, "codename": "change_userprofile"}}, {"model": "auth.permission", "pk": 31, "fields": {"name": "Can delete Userprofile", "content_type": 8, "codename": "delete_userprofile"}}, {"model": "auth.permission", "pk": 32, "fields": {"name": "Can view Userprofile", "content_type": 8, "codename": "view_userprofile"}}, {"model": "auth.permission", "pk": 33, "fields": {"name": "Can add Friendship", "content_type": 9, "codename": "add_friendship"}}, {"model": "auth.permission", "pk": 34, "fields": {"name": "Can change Friendship", "content_type": 9, "codename": "change_friendship"}}, {"model": "auth.permission", "pk": 35, "fields": {"name": "Can delete Friendship", "content_type": 9, "codename": "delete_friendship"}}, {"model": "auth.permission", "pk": 36, "fields": {"name": "Can view Friendship", "content_type": 9, "codename": "view_friendship"}}, {"model": "auth.permission", "pk": 37, "fields": {"name": "Can add user activity", "content_type": 10, "codename": "add_useractivity"}}, {"model": "auth.permission", "pk": 38, "fields": {"name": "Can change user activity", "content_type": 10, "codename": "change_useractivity"}}, {"model": "auth.permission", "pk": 39, "fields": {"name": "Can delete user activity", "content_type": 10, "codename": "delete_useractivity"}}, {"model": "auth.permission", "pk": 40, "fields": {"name": "Can view user activity", "content_type": 10, "codename": "view_useractivity"}}, {"model": "auth.permission", "pk": 41, "fields": {"name": "Can add Photo", "content_type": 11, "codename": "add_photo"}}, {"model": "auth.permission", "pk": 42, "fields": {"name": "Can change Photo", "content_type": 11, "codename": "change_photo"}}, {"model": "auth.permission", "pk": 43, "fields": {"name": "Can delete Photo", "content_type": 11, "codename": "delete_photo"}}, {"model": "auth.permission", "pk": 44, "fields": {"name": "Can view Photo", "content_type": 11, "codename": "view_photo"}}, {"model": "auth.permission", "pk": 45, "fields": {"name": "Can add Audio", "content_type": 12, "codename": "add_audio"}}, {"model": "auth.permission", "pk": 46, "fields": {"name": "Can change Audio", "content_type": 12, "codename": "change_audio"}}, {"model": "auth.permission", "pk": 47, "fields": {"name": "Can delete Audio", "content_type": 12, "codename": "delete_audio"}}, {"model": "auth.permission", "pk": 48, "fields": {"name": "Can view Audio", "content_type": 12, "codename": "view_audio"}}, {"model": "auth.permission", "pk": 49, "fields": {"name": "Can add UserAudio", "content_type": 13, "codename": "add_useraudio"}}, {"model": "auth.permission", "pk": 50, "fields": {"name": "Can change UserAudio", "content_type": 13, "codename": "change_useraudio"}}, {"model": "auth.permission", "pk": 51, "fields": {"name": "Can delete UserAudio", "content_type": 13, "codename": "delete_useraudio"}}, {"model": "auth.permission", "pk": 52, "fields": {"name": "Can view UserAudio", "content_type": 13, "codename": "view_useraudio"}}, {"model": "auth.permission", "pk": 53, "fields": {"name": "Can add Post", "content_type": 14, "codename": "add_post"}}, {"model": "auth.permission", "pk": 54, "fields": {"name": "Can change Post", "content_type": 14, "codename": "change_post"}}, {"model": "auth.permission", "pk": 55, "fields": {"name": "Can delete Post", "content_type": 14, "codename": "delete_post"}}, {"model": "auth.permission", "pk": 56, "fields": {"name": "Can view Post", "content_type": 14, "codename": "view_post"}}, {"model": "auth.permission", "pk": 57, "fields": {"name": "Can add comment", "content_type": 15, "codename": "add_comment"}}, {"model": "auth.permission", "pk": 58, "fields": {"name": "Can change comment", "content_type": 15, "codename": "change_comment"}}, {"model": "auth.permission", "pk": 59, "fields": {"name": "Can delete comment", "content_type": 15, "codename": "delete_comment"}}, {"model": "auth.permission", "pk": 60, "fields": {"name": "Can view comment", "content_type": 15, "codename": "view_comment"}}, {"model": "auth.permission", "pk": 61, "fields": {"name": "Can add answer", "content_type": 16, "codename": "add_answer"}}, {"model": "auth.permission", "pk": 62, "fields": {"name": "Can change answer", "content_type": 16, "codename": "change_answer"}}, {"model": "auth.permission", "pk": 63, "fields": {"name": "Can delete answer", "content_type": 16, "codename": "delete_answer"}}, {"model": "auth.permission", "pk": 64, "fields": {"name": "Can view answer", "content_type": 16, "codename": "view_answer"}}, {"model": "auth.permission", "pk": 65, "fields": {"name": "Can add chat", "content_type": 17, "codename": "add_chat"}}, {"model": "auth.permission", "pk": 66, "fields": {"name": "Can change chat", "content_type": 17, "codename": "change_chat"}}, {"model": "auth.permission", "pk": 67, "fields": {"name": "Can delete chat", "content_type": 17, "codename": "delete_chat"}}, {"model": "auth.permission", "pk": 68, "fields": {"name": "Can view chat", "content_type": 17, "codename": "view_chat"}}, {"model": "auth.permission", "pk": 69, "fields": {"name": "Can add message", "content_type": 18, "codename": "add_message"}}, {"model": "auth.permission", "pk": 70, "fields": {"name": "Can change message", "content_type": 18, "codename": "change_message"}}, {"model": "auth.permission", "pk": 71, "fields": {"name": "Can delete message", "content_type": 18, "codename": "delete_message"}}, {"model": "auth.permission", "pk": 72, "fields": {"name": "Can view message", "content_type": 18, "codename": "view_message"}}, {"model": "contenttypes.contenttype", "pk": 1, "fields": {"app_label": "admin", "model": "logentry"}}, {"model": "contenttypes.contenttype", "pk": 2, "fields": {"app_label": "auth", "model": "permission"}}, {"model": "contenttypes.contenttype", "pk": 3, "fields": {"app_label": "auth", "model": "group"}}, {"model": "contenttypes.contenttype", "pk": 4, "fields": {"app_label": "contenttypes", "model": "contenttype"}}, {"model": "contenttypes.contenttype", "pk": 5, "fields": {"app_label": "sessions", "model": "session"}}, {"model": "contenttypes.contenttype", "pk": 6, "fields": {"app_label": "users", "model": "users"}}, {"model": "contenttypes.contenttype", "pk": 7, "fields": {"app_label": "users", "model": "temporaryuser"}}, {"model": "contenttypes.contenttype", "pk": 8, "fields": {"app_label": "users", "model": "userprofile"}}, {"model": "contenttypes.contenttype", "pk": 9, "fields": {"app_label": "users", "model": "friendship"}}, {"model": "contenttypes.contenttype", "pk": 10, "fields": {"app_label": "users", "model": "useractivity"}}, {"model": "contenttypes.contenttype", "pk": 11, "fields": {"app_label": "photos", "model": "photo"}}, {"model": "contenttypes.contenttype", "pk": 12, "fields": {"app_label": "audios", "model": "audio"}}, {"model": "contenttypes.contenttype", "pk": 13, "fields": {"app_label": "audios", "model": "useraudio"}}, {"model": "contenttypes.contenttype", "pk": 14, "fields": {"app_label": "posts", "model": "post"}}, {"model": "contenttypes.contenttype", "pk": 15, "fields": {"app_label": "posts", "model": "comment"}}, {"model": "contenttypes.contenttype", "pk": 16, "fields": {"app_label": "posts", "model": "answer"}}, {"model": "contenttypes.contenttype", "pk": 17, "fields": {"app_label": "messanger", "model": "chat"}}, {"model": "contenttypes.contenttype", "pk": 18, "fields": {"app_label": "messanger", "model": "message"}}, {"model": "sessions.session", "pk": "oqjyx59cx7ey5s3p0fbcfygpw1h6jjkk", "fields": {"session_data": ".eJxVjDsOwjAQBe_iGln-JbYp6XOGaLO7xgFkS3FSIe5OIqWA9s3Me4sRtjWPW-NlnElcRRCX320CfHI5AD2g3KvEWtZlnuShyJM2OVTi1-10_w4ytLzXbJ0zHUVyrNlj7zwaZ4FB9TZRYBs7iMbq6FUAhRo7n0yKSBpxxyQ-X-FiOEA:1sH5dm:J3pRLZRpPV3Krb_tzcT01g3IAgEIrWQJ1Eqcj_RNh3w", "expire_date": "2024-06-25T17:50:38.629Z"}}, {"model": "users.users", "pk": 4, "fields": {"password": "pbkdf2_sha256$600000$IOaqznAsJVydjYI1GvfUa5$CDTY7mN1LntsnuUEcklUD0KDhjHFa8g0uxBqJqZaBHY=", "last_login": "2024-06-03T10:36:05.986Z", "is_superuser": false, "email": "ilya77788899@mail.ru", "is_staff": false, "is_active": true, "date_joined": "2024-04-27T15:08:58Z", "username": "test1", "first_name": "Den", "last_name": "Que", "avatar": "users_avatars/devushka_profil_vzgliad_1170482_1680x1050_MOfNkGh.jpg", "groups": [], "user_permissions": []}}, {"model": "users.users", "pk": 5, "fields": {"password": "pbkdf2_sha256$600000$W1z5HlrbIbdo3QrrZ1Z5Ta$fvaSFJi/Qkr2TJPZ0I+KcLObLNcWn+fD68H6Nyzv2OA=", "last_login": "2024-06-05T20:25:34.354Z", "is_superuser": true, "email": "", "is_staff": true, "is_active": true, "date_joined": "2024-04-27T15:12:18Z", "username": "wicki", "first_name": "Ilya", "last_name": "Dybovsky", "avatar": "users_avatars/User-avatar.svg.png", "groups": [], "user_permissions": []}}, {"model": "users.users", "pk": 6, "fields": {"password": "pbkdf2_sha256$600000$TBkxtYAINhL5ifOMcLqq5d$veLt0D/KLr0LrXVRam2RxGf3nFkBPMNOBYPu4P7KAUw=", "last_login": "2024-05-27T07:31:17.430Z", "is_superuser": false, "email": "ilta@mai.ryt", "is_staff": false, "is_active": true, "date_joined": "2024-04-27T15:15:32Z", "username": "test2", "first_name": "Elex", "last_name": "Loghatre", "avatar": "users_avatars/User-avatar.svg_e2yJHWg.png", "groups": [], "user_permissions": []}}, {"model": "users.users", "pk": 8, "fields": {"password": "pbkdf2_sha256$600000$xnGgEdTPuFGr4BEHJRuYKu$lCzvU3To77C4yxlZOuULIfmzYiR9l5skUWdoS5piTOk=", "last_login": "2024-06-11T17:50:38.587Z", "is_superuser": true, "email": "ilya@mail.ru", "is_staff": false, "is_active": true, "date_joined": "2024-04-27T15:29:10Z", "username": "test3", "first_name": "Zxcursed", "last_name": "Deadinsider", "avatar": "users_avatars/Orange-colored-cat-yawns-displaying-teeth.webp", "groups": [], "user_permissions": []}}, {"model": "users.users", "pk": 9, "fields": {"password": "pbkdf2_sha256$600000$RUAUpiDZLM3OUsiWF2xncR$rPEYjdAhGbvAqVnvFLF3a0NW4fcgXIqs1JMemMFTmUk=", "last_login": null, "is_superuser": false, "email": "ilya23@mail.ru", "is_staff": false, "is_active": true, "date_joined": "2024-04-28T15:11:56.457Z", "username": "test4", "first_name": "$#@$asd", "last_name": "asdags", "avatar": "", "groups": [], "user_permissions": []}}, {"model": "users.users", "pk": 10, "fields": {"password": "pbkdf2_sha256$600000$tmLe6Ztxz11gh1koR7lG8V$1mfKgT9b60tiDzdmoD+b04Mzox5qpSNTuopLz4Blw8w=", "last_login": "2024-05-27T07:10:30.898Z", "is_superuser": false, "email": "utasd@mal.ty", "is_staff": false, "is_active": true, "date_joined": "2024-04-28T16:46:41Z", "username": "test5", "first_name": "asdasdasdasd", "last_name": "sadsadffgds", "avatar": "users_avatars/User-avatar.svg_lRI1bIr.png", "groups": [], "user_permissions": []}}, {"model": "users.users", "pk": 11, "fields": {"password": "pbkdf2_sha256$600000$qSDAmHylLMPtKuTiMbqB2I$6msIuLfZjiAD/OWAhIROVsbRtzjS8ZKBri01rckl5vg=", "last_login": "2024-04-28T16:49:51Z", "is_superuser": false, "email": "ilta@mai.ryt2", "is_staff": false, "is_active": true, "date_joined": "2024-04-28T16:49:47Z", "username": "test6", "first_name": "asd", "last_name": "gfdfhhj", "avatar": "users_avatars/Sample_User_Icon.png", "groups": [], "user_permissions": []}}, {"model": "users.users", "pk": 12, "fields": {"password": "pbkdf2_sha256$600000$TmgcE7hl4Vr3otsE9M4VsC$lpPWysuBIN8epZpDhznYG4SXt+5yqZ+WKZZbFKCmpVo=", "last_login": "2024-04-30T09:02:24.517Z", "is_superuser": false, "email": "test7@mail.ru", "is_staff": false, "is_active": true, "date_joined": "2024-04-30T09:01:57.777Z", "username": "test7", "first_name": "test7", "last_name": "test7", "avatar": "User-avatar.svg.png", "groups": [], "user_permissions": []}}, {"model": "users.users", "pk": 13, "fields": {"password": "pbkdf2_sha256$600000$O8vOkNBou2RPk9TfunbiTA$ZibUgdnV4cXbE57pkgU3EfGPJ0HiUlbYvVvok5w6p6A=", "last_login": null, "is_superuser": false, "email": "test8@mail.ru", "is_staff": false, "is_active": true, "date_joined": "2024-04-30T09:02:20.142Z", "username": "test8", "first_name": "test8", "last_name": "test8", "avatar": "User-avatar.svg.png", "groups": [], "user_permissions": []}}, {"model": "users.users", "pk": 14, "fields": {"password": "pbkdf2_sha256$600000$JLiX0sRRJ8w9qtdcbCskoq$ZTMLGxMTQvoab4Xl92TdDRDfDjBT+Uc0p8pw21fIxyM=", "last_login": "2024-04-30T09:05:29.606Z", "is_superuser": false, "email": "test9@mil.ty", "is_staff": false, "is_active": true, "date_joined": "2024-04-30T09:05:10.454Z", "username": "test9", "first_name": "test9", "last_name": "test9", "avatar": "User-avatar.svg.png", "groups": [], "user_permissions": []}}, {"model": "users.users", "pk": 15, "fields": {"password": "pbkdf2_sha256$600000$cRLiPMcsOswoeCNbMY7h7x$9g2JA321fP33II6ZrAuvGNHPbVjUxYE+wMVdPWaGWMw=", "last_login": null, "is_superuser": false, "email": "test10@maui.ry", "is_staff": false, "is_active": true, "date_joined": "2024-04-30T09:05:25.107Z", "username": "test10", "first_name": "test10", "last_name": "test10", "avatar": "User-avatar.svg.png", "groups": [], "user_permissions": []}}, {"model": "users.users", "pk": 16, "fields": {"password": "qwertyuiop2014", "last_login": null, "is_superuser": false, "email": "test11@mail.ru", "is_staff": false, "is_active": true, "date_joined": "2024-04-30T09:11:41.307Z", "username": "test11", "first_name": "test11", "last_name": "test11", "avatar": "User-avatar.svg.png", "groups": [], "user_permissions": []}}, {"model": "users.users", "pk": 17, "fields": {"password": "qwertyuiop2014", "last_login": null, "is_superuser": false, "email": "test12@mail.ru", "is_staff": false, "is_active": true, "date_joined": "2024-04-30T09:11:41.528Z", "username": "test12", "first_name": "test12", "last_name": "test12", "avatar": "User-avatar.svg.png", "groups": [], "user_permissions": []}}, {"model": "users.users", "pk": 18, "fields": {"password": "qwertyuiop2014", "last_login": null, "is_superuser": false, "email": "test13@mail.ru", "is_staff": false, "is_active": true, "date_joined": "2024-04-30T09:11:41.659Z", "username": "test13", "first_name": "test13", "last_name": "test13", "avatar": "User-avatar.svg.png", "groups": [], "user_permissions": []}}, {"model": "users.users", "pk": 19, "fields": {"password": "qwertyuiop2014", "last_login": null, "is_superuser": false, "email": "test14@mail.ru", "is_staff": false, "is_active": true, "date_joined": "2024-04-30T09:11:41.734Z", "username": "test14", "first_name": "test14", "last_name": "test14", "avatar": "User-avatar.svg.png", "groups": [], "user_permissions": []}}, {"model": "users.users", "pk": 20, "fields": {"password": "qwertyuiop2014", "last_login": null, "is_superuser": false, "email": "test15@mail.ru", "is_staff": false, "is_active": true, "date_joined": "2024-04-30T09:11:41.809Z", "username": "test15", "first_name": "test15", "last_name": "test15", "avatar": "User-avatar.svg.png", "groups": [], "user_permissions": []}}, {"model": "users.users", "pk": 21, "fields": {"password": "qwertyuiop2014", "last_login": null, "is_superuser": false, "email": "test16@mail.ru", "is_staff": false, "is_active": true, "date_joined": "2024-04-30T09:11:41.884Z", "username": "test16", "first_name": "test16", "last_name": "test16", "avatar": "User-avatar.svg.png", "groups": [], "user_permissions": []}}, {"model": "users.users", "pk": 22, "fields": {"password": "qwertyuiop2014", "last_login": null, "is_superuser": false, "email": "test17@mail.ru", "is_staff": false, "is_active": true, "date_joined": "2024-04-30T09:11:41.964Z", "username": "test17", "first_name": "test17", "last_name": "test17", "avatar": "User-avatar.svg.png", "groups": [], "user_permissions": []}}, {"model": "users.users", "pk": 23, "fields": {"password": "qwertyuiop2014", "last_login": null, "is_superuser": false, "email": "test18@mail.ru", "is_staff": false, "is_active": true, "date_joined": "2024-04-30T09:11:42.043Z", "username": "test18", "first_name": "test18", "last_name": "test18", "avatar": "User-avatar.svg.png", "groups": [], "user_permissions": []}}, {"model": "users.users", "pk": 24, "fields": {"password": "qwertyuiop2014", "last_login": null, "is_superuser": false, "email": "test19@mail.ru", "is_staff": false, "is_active": true, "date_joined": "2024-04-30T09:11:42.118Z", "username": "test19", "first_name": "test19", "last_name": "test19", "avatar": "User-avatar.svg.png", "groups": [], "user_permissions": []}}, {"model": "users.users", "pk": 25, "fields": {"password": "qwertyuiop2014", "last_login": null, "is_superuser": false, "email": "test20@mail.ru", "is_staff": false, "is_active": true, "date_joined": "2024-04-30T09:11:42.193Z", "username": "test20", "first_name": "test20", "last_name": "test20", "avatar": "User-avatar.svg.png", "groups": [], "user_permissions": []}}, {"model": "users.users", "pk": 26, "fields": {"password": "qwertyuiop2014", "last_login": null, "is_superuser": false, "email": "test21@mail.ru", "is_staff": false, "is_active": true, "date_joined": "2024-04-30T09:11:42.268Z", "username": "test21", "first_name": "test21", "last_name": "test21", "avatar": "User-avatar.svg.png", "groups": [], "user_permissions": []}}, {"model": "users.users", "pk": 27, "fields": {"password": "qwertyuiop2014", "last_login": null, "is_superuser": false, "email": "test22@mail.ru", "is_staff": false, "is_active": true, "date_joined": "2024-04-30T09:11:42.343Z", "username": "test22", "first_name": "test22", "last_name": "test22", "avatar": "User-avatar.svg.png", "groups": [], "user_permissions": []}}, {"model": "users.users", "pk": 28, "fields": {"password": "qwertyuiop2014", "last_login": null, "is_superuser": false, "email": "test23@mail.ru", "is_staff": false, "is_active": true, "date_joined": "2024-04-30T09:11:42.423Z", "username": "test23", "first_name": "test23", "last_name": "test23", "avatar": "User-avatar.svg.png", "groups": [], "user_permissions": []}}, {"model": "users.users", "pk": 29, "fields": {"password": "qwertyuiop2014", "last_login": null, "is_superuser": false, "email": "test24@mail.ru", "is_staff": false, "is_active": true, "date_joined": "2024-04-30T09:11:42.518Z", "username": "test24", "first_name": "test24", "last_name": "test24", "avatar": "User-avatar.svg.png", "groups": [], "user_permissions": []}}, {"model": "users.users", "pk": 30, "fields": {"password": "qwertyuiop2014", "last_login": null, "is_superuser": false, "email": "test25@mail.ru", "is_staff": false, "is_active": true, "date_joined": "2024-04-30T09:11:42.593Z", "username": "test25", "first_name": "test25", "last_name": "test25", "avatar": "User-avatar.svg.png", "groups": [], "user_permissions": []}}, {"model": "users.users", "pk": 31, "fields": {"password": "qwertyuiop2014", "last_login": null, "is_superuser": false, "email": "test26@mail.ru", "is_staff": false, "is_active": true, "date_joined": "2024-04-30T09:11:42.668Z", "username": "test26", "first_name": "test26", "last_name": "test26", "avatar": "User-avatar.svg.png", "groups": [], "user_permissions": []}}, {"model": "users.users", "pk": 32, "fields": {"password": "qwertyuiop2014", "last_login": null, "is_superuser": false, "email": "test27@mail.ru", "is_staff": false, "is_active": true, "date_joined": "2024-04-30T09:11:42.768Z", "username": "test27", "first_name": "test27", "last_name": "test27", "avatar": "User-avatar.svg.png", "groups": [], "user_permissions": []}}, {"model": "users.users", "pk": 33, "fields": {"password": "qwertyuiop2014", "last_login": null, "is_superuser": false, "email": "test28@mail.ru", "is_staff": false, "is_active": true, "date_joined": "2024-04-30T09:11:42.840Z", "username": "test28", "first_name": "test28", "last_name": "test28", "avatar": "User-avatar.svg.png", "groups": [], "user_permissions": []}}, {"model": "users.users", "pk": 34, "fields": {"password": "qwertyuiop2014", "last_login": null, "is_superuser": false, "email": "test29@mail.ru", "is_staff": false, "is_active": true, "date_joined": "2024-04-30T09:11:42.910Z", "username": "test29", "first_name": "test29", "last_name": "test29", "avatar": "User-avatar.svg.png", "groups": [], "user_permissions": []}}, {"model": "users.users", "pk": 35, "fields": {"password": "qwertyuiop2014", "last_login": null, "is_superuser": false, "email": "test30@mail.ru", "is_staff": false, "is_active": true, "date_joined": "2024-04-30T09:11:42.985Z", "username": "test30", "first_name": "test30", "last_name": "test30", "avatar": "User-avatar.svg.png", "groups": [], "user_permissions": []}}, {"model": "users.users", "pk": 36, "fields": {"password": "qwertyuiop2014", "last_login": null, "is_superuser": false, "email": "test31@mail.ru", "is_staff": false, "is_active": true, "date_joined": "2024-04-30T09:11:43.076Z", "username": "test31", "first_name": "test31", "last_name": "test31", "avatar": "User-avatar.svg.png", "groups": [], "user_permissions": []}}, {"model": "users.users", "pk": 37, "fields": {"password": "qwertyuiop2014", "last_login": null, "is_superuser": false, "email": "test32@mail.ru", "is_staff": false, "is_active": true, "date_joined": "2024-04-30T09:11:43.152Z", "username": "test32", "first_name": "test32", "last_name": "test32", "avatar": "User-avatar.svg.png", "groups": [], "user_permissions": []}}, {"model": "users.users", "pk": 38, "fields": {"password": "qwertyuiop2014", "last_login": null, "is_superuser": false, "email": "test33@mail.ru", "is_staff": false, "is_active": true, "date_joined": "2024-04-30T09:11:43.233Z", "username": "test33", "first_name": "test33", "last_name": "test33", "avatar": "User-avatar.svg.png", "groups": [], "user_permissions": []}}, {"model": "users.users", "pk": 39, "fields": {"password": "qwertyuiop2014", "last_login": null, "is_superuser": false, "email": "test34@mail.ru", "is_staff": false, "is_active": true, "date_joined": "2024-04-30T09:11:43.310Z", "username": "test34", "first_name": "test34", "last_name": "test34", "avatar": "User-avatar.svg.png", "groups": [], "user_permissions": []}}, {"model": "users.users", "pk": 40, "fields": {"password": "qwertyuiop2014", "last_login": null, "is_superuser": false, "email": "test35@mail.ru", "is_staff": false, "is_active": true, "date_joined": "2024-04-30T09:11:43.390Z", "username": "test35", "first_name": "test35", "last_name": "test35", "avatar": "User-avatar.svg.png", "groups": [], "user_permissions": []}}, {"model": "users.users", "pk": 41, "fields": {"password": "qwertyuiop2014", "last_login": null, "is_superuser": false, "email": "test36@mail.ru", "is_staff": false, "is_active": true, "date_joined": "2024-04-30T09:11:43.473Z", "username": "test36", "first_name": "test36", "last_name": "test36", "avatar": "User-avatar.svg.png", "groups": [], "user_permissions": []}}, {"model": "users.users", "pk": 42, "fields": {"password": "qwertyuiop2014", "last_login": null, "is_superuser": false, "email": "test37@mail.ru", "is_staff": false, "is_active": true, "date_joined": "2024-04-30T09:11:43.556Z", "username": "test37", "first_name": "test37", "last_name": "test37", "avatar": "User-avatar.svg.png", "groups": [], "user_permissions": []}}, {"model": "users.users", "pk": 43, "fields": {"password": "qwertyuiop2014", "last_login": null, "is_superuser": false, "email": "test38@mail.ru", "is_staff": false, "is_active": true, "date_joined": "2024-04-30T09:11:43.640Z", "username": "test38", "first_name": "test38", "last_name": "test38", "avatar": "User-avatar.svg.png", "groups": [], "user_permissions": []}}, {"model": "users.users", "pk": 44, "fields": {"password": "qwertyuiop2014", "last_login": null, "is_superuser": false, "email": "test39@mail.ru", "is_staff": false, "is_active": true, "date_joined": "2024-04-30T09:11:43.707Z", "username": "test39", "first_name": "test39", "last_name": "test39", "avatar": "User-avatar.svg.png", "groups": [], "user_permissions": []}}, {"model": "users.users", "pk": 45, "fields": {"password": "qwertyuiop2014", "last_login": null, "is_superuser": false, "email": "test40@mail.ru", "is_staff": false, "is_active": true, "date_joined": "2024-04-30T09:11:43.785Z", "username": "test40", "first_name": "test40", "last_name": "test40", "avatar": "User-avatar.svg.png", "groups": [], "user_permissions": []}}, {"model": "users.users", "pk": 46, "fields": {"password": "qwertyuiop2014", "last_login": null, "is_superuser": false, "email": "test41@mail.ru", "is_staff": false, "is_active": true, "date_joined": "2024-04-30T09:11:43.932Z", "username": "test41", "first_name": "test41", "last_name": "test41", "avatar": "User-avatar.svg.png", "groups": [], "user_permissions": []}}, {"model": "users.users", "pk": 47, "fields": {"password": "qwertyuiop2014", "last_login": null, "is_superuser": false, "email": "test42@mail.ru", "is_staff": false, "is_active": true, "date_joined": "2024-04-30T09:11:44.010Z", "username": "test42", "first_name": "test42", "last_name": "test42", "avatar": "User-avatar.svg.png", "groups": [], "user_permissions": []}}, {"model": "users.users", "pk": 48, "fields": {"password": "qwertyuiop2014", "last_login": null, "is_superuser": false, "email": "test43@mail.ru", "is_staff": false, "is_active": true, "date_joined": "2024-04-30T09:11:44.090Z", "username": "test43", "first_name": "test43", "last_name": "test43", "avatar": "User-avatar.svg.png", "groups": [], "user_permissions": []}}, {"model": "users.users", "pk": 49, "fields": {"password": "qwertyuiop2014", "last_login": null, "is_superuser": false, "email": "test44@mail.ru", "is_staff": false, "is_active": true, "date_joined": "2024-04-30T09:11:44.174Z", "username": "test44", "first_name": "test44", "last_name": "test44", "avatar": "User-avatar.svg.png", "groups": [], "user_permissions": []}}, {"model": "users.users", "pk": 50, "fields": {"password": "qwertyuiop2014", "last_login": null, "is_superuser": false, "email": "test45@mail.ru", "is_staff": false, "is_active": true, "date_joined": "2024-04-30T09:11:44.248Z", "username": "test45", "first_name": "test45", "last_name": "test45", "avatar": "User-avatar.svg.png", "groups": [], "user_permissions": []}}, {"model": "users.users", "pk": 51, "fields": {"password": "qwertyuiop2014", "last_login": null, "is_superuser": false, "email": "test46@mail.ru", "is_staff": false, "is_active": true, "date_joined": "2024-04-30T09:11:44.324Z", "username": "test46", "first_name": "test46", "last_name": "test46", "avatar": "User-avatar.svg.png", "groups": [], "user_permissions": []}}, {"model": "users.users", "pk": 52, "fields": {"password": "qwertyuiop2014", "last_login": null, "is_superuser": false, "email": "test47@mail.ru", "is_staff": false, "is_active": true, "date_joined": "2024-04-30T09:11:44.448Z", "username": "test47", "first_name": "test47", "last_name": "test47", "avatar": "User-avatar.svg.png", "groups": [], "user_permissions": []}}, {"model": "users.users", "pk": 53, "fields": {"password": "qwertyuiop2014", "last_login": null, "is_superuser": false, "email": "test48@mail.ru", "is_staff": false, "is_active": true, "date_joined": "2024-04-30T09:11:44.557Z", "username": "test48", "first_name": "test48", "last_name": "test48", "avatar": "User-avatar.svg.png", "groups": [], "user_permissions": []}}, {"model": "users.users", "pk": 54, "fields": {"password": "qwertyuiop2014", "last_login": null, "is_superuser": false, "email": "test49@mail.ru", "is_staff": false, "is_active": true, "date_joined": "2024-04-30T09:11:44.633Z", "username": "test49", "first_name": "test49", "last_name": "test49", "avatar": "User-avatar.svg.png", "groups": [], "user_permissions": []}}, {"model": "users.users", "pk": 55, "fields": {"password": "qwertyuiop2014", "last_login": null, "is_superuser": false, "email": "test50@mail.ru", "is_staff": false, "is_active": true, "date_joined": "2024-04-30T09:11:44.710Z", "username": "test50", "first_name": "test50", "last_name": "test50", "avatar": "User-avatar.svg.png", "groups": [], "user_permissions": []}}, {"model": "users.users", "pk": 56, "fields": {"password": "qwertyuiop2014", "last_login": null, "is_superuser": false, "email": "test51@mail.ru", "is_staff": false, "is_active": true, "date_joined": "2024-04-30T09:11:44.832Z", "username": "test51", "first_name": "test51", "last_name": "test51", "avatar": "User-avatar.svg.png", "groups": [], "user_permissions": []}}, {"model": "users.users", "pk": 57, "fields": {"password": "qwertyuiop2014", "last_login": null, "is_superuser": false, "email": "test52@mail.ru", "is_staff": false, "is_active": true, "date_joined": "2024-04-30T09:11:44.944Z", "username": "test52", "first_name": "test52", "last_name": "test52", "avatar": "User-avatar.svg.png", "groups": [], "user_permissions": []}}, {"model": "users.users", "pk": 58, "fields": {"password": "qwertyuiop2014", "last_login": null, "is_superuser": false, "email": "test53@mail.ru", "is_staff": false, "is_active": true, "date_joined": "2024-04-30T09:11:45.024Z", "username": "test53", "first_name": "test53", "last_name": "test53", "avatar": "User-avatar.svg.png", "groups": [], "user_permissions": []}}, {"model": "users.users", "pk": 59, "fields": {"password": "qwertyuiop2014", "last_login": null, "is_superuser": false, "email": "test54@mail.ru", "is_staff": false, "is_active": true, "date_joined": "2024-04-30T09:11:45.099Z", "username": "test54", "first_name": "test54", "last_name": "test54", "avatar": "User-avatar.svg.png", "groups": [], "user_permissions": []}}, {"model": "users.users", "pk": 60, "fields": {"password": "qwertyuiop2014", "last_login": null, "is_superuser": false, "email": "test55@mail.ru", "is_staff": false, "is_active": true, "date_joined": "2024-04-30T09:11:45.174Z", "username": "test55", "first_name": "test55", "last_name": "test55", "avatar": "User-avatar.svg.png", "groups": [], "user_permissions": []}}, {"model": "users.users", "pk": 61, "fields": {"password": "qwertyuiop2014", "last_login": null, "is_superuser": false, "email": "test56@mail.ru", "is_staff": false, "is_active": true, "date_joined": "2024-04-30T09:11:45.258Z", "username": "test56", "first_name": "test56", "last_name": "test56", "avatar": "User-avatar.svg.png", "groups": [], "user_permissions": []}}, {"model": "users.users", "pk": 62, "fields": {"password": "qwertyuiop2014", "last_login": null, "is_superuser": false, "email": "test57@mail.ru", "is_staff": false, "is_active": true, "date_joined": "2024-04-30T09:11:45.424Z", "username": "test57", "first_name": "test57", "last_name": "test57", "avatar": "User-avatar.svg.png", "groups": [], "user_permissions": []}}, {"model": "users.users", "pk": 63, "fields": {"password": "qwertyuiop2014", "last_login": null, "is_superuser": false, "email": "test58@mail.ru", "is_staff": false, "is_active": true, "date_joined": "2024-04-30T09:11:45.566Z", "username": "test58", "first_name": "test58", "last_name": "test58", "avatar": "User-avatar.svg.png", "groups": [], "user_permissions": []}}, {"model": "users.users", "pk": 64, "fields": {"password": "qwertyuiop2014", "last_login": null, "is_superuser": false, "email": "test59@mail.ru", "is_staff": false, "is_active": true, "date_joined": "2024-04-30T09:11:45.666Z", "username": "test59", "first_name": "test59", "last_name": "test59", "avatar": "User-avatar.svg.png", "groups": [], "user_permissions": []}}, {"model": "users.users", "pk": 65, "fields": {"password": "qwertyuiop2014", "last_login": null, "is_superuser": false, "email": "test60@mail.ru", "is_staff": false, "is_active": true, "date_joined": "2024-04-30T09:11:45.741Z", "username": "test60", "first_name": "test60", "last_name": "test60", "avatar": "User-avatar.svg.png", "groups": [], "user_permissions": []}}, {"model": "users.users", "pk": 66, "fields": {"password": "qwertyuiop2014", "last_login": null, "is_superuser": false, "email": "test61@mail.ru", "is_staff": false, "is_active": true, "date_joined": "2024-04-30T09:11:45.824Z", "username": "test61", "first_name": "test61", "last_name": "test61", "avatar": "User-avatar.svg.png", "groups": [], "user_permissions": []}}, {"model": "users.users", "pk": 67, "fields": {"password": "qwertyuiop2014", "last_login": null, "is_superuser": false, "email": "test62@mail.ru", "is_staff": false, "is_active": true, "date_joined": "2024-04-30T09:11:45.908Z", "username": "test62", "first_name": "test62", "last_name": "test62", "avatar": "User-avatar.svg.png", "groups": [], "user_permissions": []}}, {"model": "users.users", "pk": 68, "fields": {"password": "qwertyuiop2014", "last_login": null, "is_superuser": false, "email": "test63@mail.ru", "is_staff": false, "is_active": true, "date_joined": "2024-04-30T09:11:46.049Z", "username": "test63", "first_name": "test63", "last_name": "test63", "avatar": "User-avatar.svg.png", "groups": [], "user_permissions": []}}, {"model": "users.users", "pk": 69, "fields": {"password": "qwertyuiop2014", "last_login": null, "is_superuser": false, "email": "test64@mail.ru", "is_staff": false, "is_active": true, "date_joined": "2024-04-30T09:11:46.127Z", "username": "test64", "first_name": "test64", "last_name": "test64", "avatar": "User-avatar.svg.png", "groups": [], "user_permissions": []}}, {"model": "users.users", "pk": 70, "fields": {"password": "qwertyuiop2014", "last_login": null, "is_superuser": false, "email": "test65@mail.ru", "is_staff": false, "is_active": true, "date_joined": "2024-04-30T09:11:46.497Z", "username": "test65", "first_name": "test65", "last_name": "test65", "avatar": "User-avatar.svg.png", "groups": [], "user_permissions": []}}, {"model": "users.users", "pk": 71, "fields": {"password": "qwertyuiop2014", "last_login": null, "is_superuser": false, "email": "test66@mail.ru", "is_staff": false, "is_active": true, "date_joined": "2024-04-30T09:11:46.574Z", "username": "test66", "first_name": "test66", "last_name": "test66", "avatar": "User-avatar.svg.png", "groups": [], "user_permissions": []}}, {"model": "users.users", "pk": 72, "fields": {"password": "qwertyuiop2014", "last_login": null, "is_superuser": false, "email": "test67@mail.ru", "is_staff": false, "is_active": true, "date_joined": "2024-04-30T09:11:46.650Z", "username": "test67", "first_name": "test67", "last_name": "test67", "avatar": "User-avatar.svg.png", "groups": [], "user_permissions": []}}, {"model": "users.users", "pk": 73, "fields": {"password": "qwertyuiop2014", "last_login": null, "is_superuser": false, "email": "test68@mail.ru", "is_staff": false, "is_active": true, "date_joined": "2024-04-30T09:11:46.732Z", "username": "test68", "first_name": "test68", "last_name": "test68", "avatar": "User-avatar.svg.png", "groups": [], "user_permissions": []}}, {"model": "users.users", "pk": 74, "fields": {"password": "qwertyuiop2014", "last_login": null, "is_superuser": false, "email": "test69@mail.ru", "is_staff": false, "is_active": true, "date_joined": "2024-04-30T09:11:46.825Z", "username": "test69", "first_name": "test69", "last_name": "test69", "avatar": "User-avatar.svg.png", "groups": [], "user_permissions": []}}, {"model": "users.users", "pk": 75, "fields": {"password": "qwertyuiop2014", "last_login": null, "is_superuser": false, "email": "test70@mail.ru", "is_staff": false, "is_active": true, "date_joined": "2024-04-30T09:11:46.908Z", "username": "test70", "first_name": "test70", "last_name": "test70", "avatar": "User-avatar.svg.png", "groups": [], "user_permissions": []}}, {"model": "users.users", "pk": 76, "fields": {"password": "qwertyuiop2014", "last_login": null, "is_superuser": false, "email": "test71@mail.ru", "is_staff": false, "is_active": true, "date_joined": "2024-04-30T09:11:47Z", "username": "test71", "first_name": "test71", "last_name": "test71", "avatar": "User-avatar.svg.png", "groups": [], "user_permissions": []}}, {"model": "users.users", "pk": 77, "fields": {"password": "qwertyuiop2014", "last_login": null, "is_superuser": false, "email": "test72@mail.ru", "is_staff": false, "is_active": true, "date_joined": "2024-04-30T09:11:47.136Z", "username": "test72", "first_name": "test72", "last_name": "test72", "avatar": "User-avatar.svg.png", "groups": [], "user_permissions": []}}, {"model": "users.users", "pk": 78, "fields": {"password": "qwertyuiop2014", "last_login": null, "is_superuser": false, "email": "test73@mail.ru", "is_staff": false, "is_active": true, "date_joined": "2024-04-30T09:11:47.359Z", "username": "test73", "first_name": "test73", "last_name": "test73", "avatar": "User-avatar.svg.png", "groups": [], "user_permissions": []}}, {"model": "users.users", "pk": 79, "fields": {"password": "qwertyuiop2014", "last_login": null, "is_superuser": false, "email": "test74@mail.ru", "is_staff": false, "is_active": true, "date_joined": "2024-04-30T09:11:47.463Z", "username": "test74", "first_name": "test74", "last_name": "test74", "avatar": "User-avatar.svg.png", "groups": [], "user_permissions": []}}, {"model": "users.users", "pk": 80, "fields": {"password": "qwertyuiop2014", "last_login": null, "is_superuser": false, "email": "test75@mail.ru", "is_staff": false, "is_active": true, "date_joined": "2024-04-30T09:11:47.541Z", "username": "test75", "first_name": "test75", "last_name": "test75", "avatar": "User-avatar.svg.png", "groups": [], "user_permissions": []}}, {"model": "users.users", "pk": 81, "fields": {"password": "qwertyuiop2014", "last_login": null, "is_superuser": false, "email": "test76@mail.ru", "is_staff": false, "is_active": true, "date_joined": "2024-04-30T09:11:47.675Z", "username": "test76", "first_name": "test76", "last_name": "test76", "avatar": "User-avatar.svg.png", "groups": [], "user_permissions": []}}, {"model": "users.users", "pk": 82, "fields": {"password": "qwertyuiop2014", "last_login": null, "is_superuser": false, "email": "test77@mail.ru", "is_staff": false, "is_active": true, "date_joined": "2024-04-30T09:11:47.783Z", "username": "test77", "first_name": "test77", "last_name": "test77", "avatar": "User-avatar.svg.png", "groups": [], "user_permissions": []}}, {"model": "users.users", "pk": 83, "fields": {"password": "qwertyuiop2014", "last_login": null, "is_superuser": false, "email": "test78@mail.ru", "is_staff": false, "is_active": true, "date_joined": "2024-04-30T09:11:47.892Z", "username": "test78", "first_name": "test78", "last_name": "test78", "avatar": "User-avatar.svg.png", "groups": [], "user_permissions": []}}, {"model": "users.users", "pk": 84, "fields": {"password": "qwertyuiop2014", "last_login": null, "is_superuser": false, "email": "test79@mail.ru", "is_staff": false, "is_active": true, "date_joined": "2024-04-30T09:11:47.975Z", "username": "test79", "first_name": "test79", "last_name": "test79", "avatar": "User-avatar.svg.png", "groups": [], "user_permissions": []}}, {"model": "users.users", "pk": 85, "fields": {"password": "qwertyuiop2014", "last_login": null, "is_superuser": false, "email": "test80@mail.ru", "is_staff": false, "is_active": true, "date_joined": "2024-04-30T09:11:48.172Z", "username": "test80", "first_name": "test80", "last_name": "test80", "avatar": "User-avatar.svg.png", "groups": [], "user_permissions": []}}, {"model": "users.users", "pk": 86, "fields": {"password": "qwertyuiop2014", "last_login": null, "is_superuser": false, "email": "test81@mail.ru", "is_staff": false, "is_active": true, "date_joined": "2024-04-30T09:11:48.288Z", "username": "test81", "first_name": "test81", "last_name": "test81", "avatar": "User-avatar.svg.png", "groups": [], "user_permissions": []}}, {"model": "users.users", "pk": 87, "fields": {"password": "qwertyuiop2014", "last_login": null, "is_superuser": false, "email": "test82@mail.ru", "is_staff": false, "is_active": true, "date_joined": "2024-04-30T09:11:48.366Z", "username": "test82", "first_name": "test82", "last_name": "test82", "avatar": "User-avatar.svg.png", "groups": [], "user_permissions": []}}, {"model": "users.users", "pk": 88, "fields": {"password": "qwertyuiop2014", "last_login": null, "is_superuser": false, "email": "test83@mail.ru", "is_staff": false, "is_active": true, "date_joined": "2024-04-30T09:11:48.475Z", "username": "test83", "first_name": "test83", "last_name": "test83", "avatar": "User-avatar.svg.png", "groups": [], "user_permissions": []}}, {"model": "users.users", "pk": 89, "fields": {"password": "qwertyuiop2014", "last_login": null, "is_superuser": false, "email": "test84@mail.ru", "is_staff": false, "is_active": true, "date_joined": "2024-04-30T09:11:48.585Z", "username": "test84", "first_name": "test84", "last_name": "test84", "avatar": "User-avatar.svg.png", "groups": [], "user_permissions": []}}, {"model": "users.users", "pk": 90, "fields": {"password": "qwertyuiop2014", "last_login": null, "is_superuser": false, "email": "test85@mail.ru", "is_staff": false, "is_active": true, "date_joined": "2024-04-30T09:11:48.666Z", "username": "test85", "first_name": "test85", "last_name": "test85", "avatar": "User-avatar.svg.png", "groups": [], "user_permissions": []}}, {"model": "users.users", "pk": 91, "fields": {"password": "qwertyuiop2014", "last_login": null, "is_superuser": false, "email": "test86@mail.ru", "is_staff": false, "is_active": true, "date_joined": "2024-04-30T09:11:48.808Z", "username": "test86", "first_name": "test86", "last_name": "test86", "avatar": "User-avatar.svg.png", "groups": [], "user_permissions": []}}, {"model": "users.users", "pk": 92, "fields": {"password": "qwertyuiop2014", "last_login": null, "is_superuser": false, "email": "test87@mail.ru", "is_staff": false, "is_active": true, "date_joined": "2024-04-30T09:11:48.925Z", "username": "test87", "first_name": "test87", "last_name": "test87", "avatar": "User-avatar.svg.png", "groups": [], "user_permissions": []}}, {"model": "users.users", "pk": 93, "fields": {"password": "qwertyuiop2014", "last_login": null, "is_superuser": false, "email": "test88@mail.ru", "is_staff": false, "is_active": true, "date_joined": "2024-04-30T09:11:49.033Z", "username": "test88", "first_name": "test88", "last_name": "test88", "avatar": "User-avatar.svg.png", "groups": [], "user_permissions": []}}, {"model": "users.users", "pk": 94, "fields": {"password": "qwertyuiop2014", "last_login": null, "is_superuser": false, "email": "test89@mail.ru", "is_staff": false, "is_active": true, "date_joined": "2024-04-30T09:11:49.117Z", "username": "test89", "first_name": "test89", "last_name": "test89", "avatar": "User-avatar.svg.png", "groups": [], "user_permissions": []}}, {"model": "users.users", "pk": 95, "fields": {"password": "qwertyuiop2014", "last_login": null, "is_superuser": false, "email": "test90@mail.ru", "is_staff": false, "is_active": true, "date_joined": "2024-04-30T09:11:49.242Z", "username": "test90", "first_name": "test90", "last_name": "test90", "avatar": "User-avatar.svg.png", "groups": [], "user_permissions": []}}, {"model": "users.users", "pk": 96, "fields": {"password": "qwertyuiop2014", "last_login": null, "is_superuser": false, "email": "test91@mail.ru", "is_staff": false, "is_active": true, "date_joined": "2024-04-30T09:11:49.358Z", "username": "test91", "first_name": "test91", "last_name": "test91", "avatar": "User-avatar.svg.png", "groups": [], "user_permissions": []}}, {"model": "users.users", "pk": 97, "fields": {"password": "qwertyuiop2014", "last_login": null, "is_superuser": false, "email": "test92@mail.ru", "is_staff": false, "is_active": true, "date_joined": "2024-04-30T09:11:49.434Z", "username": "test92", "first_name": "test92", "last_name": "test92", "avatar": "User-avatar.svg.png", "groups": [], "user_permissions": []}}, {"model": "users.users", "pk": 98, "fields": {"password": "qwertyuiop2014", "last_login": null, "is_superuser": false, "email": "test93@mail.ru", "is_staff": false, "is_active": true, "date_joined": "2024-04-30T09:11:49.550Z", "username": "test93", "first_name": "test93", "last_name": "test93", "avatar": "User-avatar.svg.png", "groups": [], "user_permissions": []}}, {"model": "users.users", "pk": 99, "fields": {"password": "qwertyuiop2014", "last_login": null, "is_superuser": false, "email": "test94@mail.ru", "is_staff": false, "is_active": true, "date_joined": "2024-04-30T09:11:49.658Z", "username": "test94", "first_name": "test94", "last_name": "test94", "avatar": "User-avatar.svg.png", "groups": [], "user_permissions": []}}, {"model": "users.users", "pk": 100, "fields": {"password": "qwertyuiop2014", "last_login": null, "is_superuser": false, "email": "test95@mail.ru", "is_staff": false, "is_active": true, "date_joined": "2024-04-30T09:11:49.750Z", "username": "test95", "first_name": "test95", "last_name": "test95", "avatar": "User-avatar.svg.png", "groups": [], "user_permissions": []}}, {"model": "users.users", "pk": 101, "fields": {"password": "qwertyuiop2014", "last_login": null, "is_superuser": false, "email": "test96@mail.ru", "is_staff": false, "is_active": true, "date_joined": "2024-04-30T09:11:49.825Z", "username": "test96", "first_name": "test96", "last_name": "test96", "avatar": "User-avatar.svg.png", "groups": [], "user_permissions": []}}, {"model": "users.users", "pk": 102, "fields": {"password": "qwertyuiop2014", "last_login": null, "is_superuser": false, "email": "test97@mail.ru", "is_staff": false, "is_active": true, "date_joined": "2024-04-30T09:11:49.900Z", "username": "test97", "first_name": "test97", "last_name": "test97", "avatar": "User-avatar.svg.png", "groups": [], "user_permissions": []}}, {"model": "users.users", "pk": 103, "fields": {"password": "qwertyuiop2014", "last_login": null, "is_superuser": false, "email": "test98@mail.ru", "is_staff": false, "is_active": true, "date_joined": "2024-04-30T09:11:49.976Z", "username": "test98", "first_name": "test98", "last_name": "test98", "avatar": "User-avatar.svg.png", "groups": [], "user_permissions": []}}, {"model": "users.users", "pk": 104, "fields": {"password": "qwertyuiop2014", "last_login": null, "is_superuser": false, "email": "test99@mail.ru", "is_staff": false, "is_active": true, "date_joined": "2024-04-30T09:11:50.059Z", "username": "test99", "first_name": "test99", "last_name": "test99", "avatar": "User-avatar.svg.png", "groups": [], "user_permissions": []}}, {"model": "users.users", "pk": 105, "fields": {"password": "pbkdf2_sha256$600000$NpeClccxniMb3LiIQ90vOO$vbpX6bbtcHEhw2P8PV+zhf1lt2z71gdYlhUT9zCaMqk=", "last_login": "2024-04-30T09:17:14.712Z", "is_superuser": false, "email": "test100@mail.ru", "is_staff": false, "is_active": true, "date_joined": "2024-04-30T09:16:01.043Z", "username": "test100", "first_name": "test100", "last_name": "test100", "avatar": "User-avatar.svg.png", "groups": [], "user_permissions": []}}, {"model": "users.users", "pk": 106, "fields": {"password": "pbkdf2_sha256$600000$hCeXrvyEceubgWo1WOF5Pd$Mmjerh5tuMgT2wYPuOQ/nh8w58itSpa5rQsGCQ4Au+U=", "last_login": "2024-05-13T16:04:20.867Z", "is_superuser": false, "email": "test101@mail.ru", "is_staff": false, "is_active": true, "date_joined": "2024-04-30T09:16:01.603Z", "username": "test101", "first_name": "test101", "last_name": "test101", "avatar": "User-avatar.svg.png", "groups": [], "user_permissions": []}}, {"model": "users.users", "pk": 107, "fields": {"password": "pbkdf2_sha256$600000$PW2SiRxnPHz9gcRN1MxPVe$xNRiy6Qhyz6nAQmllm7AyuxUrYXzis0PtT2Dibsntck=", "last_login": "2024-04-30T14:57:48.597Z", "is_superuser": false, "email": "test102@mail.ru", "is_staff": false, "is_active": true, "date_joined": "2024-04-30T09:16:02.202Z", "username": "test102", "first_name": "test102", "last_name": "test102", "avatar": "User-avatar.svg.png", "groups": [], "user_permissions": []}}, {"model": "users.users", "pk": 108, "fields": {"password": "pbkdf2_sha256$600000$dqqinKDfMa2zZYITW8CM0h$Xa/MHDR/JkP0byTTRE8YCcUYAoljFXik97MhwqP2i5M=", "last_login": "2024-04-30T14:57:56.932Z", "is_superuser": false, "email": "test103@mail.ru", "is_staff": false, "is_active": true, "date_joined": "2024-04-30T09:16:03.002Z", "username": "test103", "first_name": "test103", "last_name": "test103", "avatar": "User-avatar.svg.png", "groups": [], "user_permissions": []}}, {"model": "users.users", "pk": 109, "fields": {"password": "pbkdf2_sha256$600000$KXYuGySMQLtPKSHfDL827l$G1UjRS4WbdIVJjXbKrcpFFFXY5zViRrfdxC5ZgtJdRs=", "last_login": "2024-04-30T14:58:15.805Z", "is_superuser": false, "email": "test104@mail.ru", "is_staff": false, "is_active": true, "date_joined": "2024-04-30T09:16:03.560Z", "username": "test104", "first_name": "test104", "last_name": "test104", "avatar": "User-avatar.svg.png", "groups": [], "user_permissions": []}}, {"model": "users.users", "pk": 110, "fields": {"password": "pbkdf2_sha256$600000$ldoflF6zGlnZt5esWdumbO$gJamVYuLLP4kNvy7KyLnJSFjVMU8fc2WfRFcAvBzxv8=", "last_login": "2024-05-13T16:14:30.354Z", "is_superuser": false, "email": "test105@mail.ru", "is_staff": false, "is_active": true, "date_joined": "2024-04-30T09:16:04.136Z", "username": "test105", "first_name": "test105", "last_name": "test105", "avatar": "User-avatar.svg.png", "groups": [], "user_permissions": []}}, {"model": "users.users", "pk": 111, "fields": {"password": "pbkdf2_sha256$600000$mpgfGKkuCv7ZYKIXq5l46g$598OSu9Qa3dIuWTFB6DVJP7e8BG7MIjoytgUL7Jai4U=", "last_login": null, "is_superuser": false, "email": "test106@mail.ru", "is_staff": false, "is_active": true, "date_joined": "2024-04-30T09:16:04.719Z", "username": "test106", "first_name": "test106", "last_name": "test106", "avatar": "User-avatar.svg.png", "groups": [], "user_permissions": []}}, {"model": "users.users", "pk": 112, "fields": {"password": "pbkdf2_sha256$600000$VVce4sqpXvAWoKyEctu3h7$ICJFQuPahB1bKFFIaewES0O2Bj3NNkLYiyWZveuABZ4=", "last_login": null, "is_superuser": false, "email": "test107@mail.ru", "is_staff": false, "is_active": true, "date_joined": "2024-04-30T09:16:05.415Z", "username": "test107", "first_name": "test107", "last_name": "test107", "avatar": "User-avatar.svg.png", "groups": [], "user_permissions": []}}, {"model": "users.users", "pk": 113, "fields": {"password": "pbkdf2_sha256$600000$sCVFTu4XnZT0zn5e7FAIAy$15qupY2mA6ock3KpTKF+NRWKTJjrWReKO+zIBMGBa/A=", "last_login": null, "is_superuser": false, "email": "test108@mail.ru", "is_staff": false, "is_active": true, "date_joined": "2024-04-30T09:16:05.962Z", "username": "test108", "first_name": "test108", "last_name": "test108", "avatar": "User-avatar.svg.png", "groups": [], "user_permissions": []}}, {"model": "users.users", "pk": 114, "fields": {"password": "pbkdf2_sha256$600000$2lGBt8kgJXrpKDFDoZHqwn$DQq1bJghwr9ZjI41s/jheLjOmADlqHbOnk7vjtxdNtk=", "last_login": "2024-04-30T14:43:52.841Z", "is_superuser": false, "email": "test109@mail.ru", "is_staff": false, "is_active": true, "date_joined": "2024-04-30T09:16:06.523Z", "username": "test109", "first_name": "test109", "last_name": "test109", "avatar": "User-avatar.svg.png", "groups": [], "user_permissions": []}}, {"model": "users.users", "pk": 115, "fields": {"password": "pbkdf2_sha256$600000$L7MOHUndSRZ9LVu6kXk04r$afCdfAhCJHp3kfnd1rCda+vZ0J0cL7ND1j21tO5C3iQ=", "last_login": "2024-04-30T12:40:42.717Z", "is_superuser": false, "email": "test110@mail.ru", "is_staff": false, "is_active": true, "date_joined": "2024-04-30T09:16:07.073Z", "username": "test110", "first_name": "test110", "last_name": "test110", "avatar": "User-avatar.svg.png", "groups": [], "user_permissions": []}}, {"model": "users.users", "pk": 116, "fields": {"password": "pbkdf2_sha256$600000$RzsDtw2jG4L1gIHAk815oJ$96ZbD8EIhQHyCyooBYXPij5bx8xoxcT68hXi3VwreR8=", "last_login": null, "is_superuser": false, "email": "test111@mail.ru", "is_staff": false, "is_active": true, "date_joined": "2024-04-30T09:16:07.637Z", "username": "test111", "first_name": "test111", "last_name": "test111", "avatar": "User-avatar.svg.png", "groups": [], "user_permissions": []}}, {"model": "users.users", "pk": 117, "fields": {"password": "pbkdf2_sha256$600000$lpOK93zbPMK1HJjX8Vla75$YRGpq/wBwXwBp/5qCTlHFMyUTYx5P09L1fGDiNm1pJE=", "last_login": "2024-04-30T15:00:42.534Z", "is_superuser": false, "email": "test112@mail.ru", "is_staff": false, "is_active": true, "date_joined": "2024-04-30T09:16:08.237Z", "username": "test112", "first_name": "test112", "last_name": "test112", "avatar": "User-avatar.svg.png", "groups": [], "user_permissions": []}}, {"model": "users.users", "pk": 118, "fields": {"password": "pbkdf2_sha256$600000$Ahest5IWbejQiGJWvHBUYF$gh+84M22Wiy6CSJhNbZIndVl6quyqB1E+SZ+EX8u8/I=", "last_login": null, "is_superuser": false, "email": "test113@mail.ru", "is_staff": false, "is_active": true, "date_joined": "2024-04-30T09:16:08.771Z", "username": "test113", "first_name": "test113", "last_name": "test113", "avatar": "User-avatar.svg.png", "groups": [], "user_permissions": []}}, {"model": "users.users", "pk": 119, "fields": {"password": "pbkdf2_sha256$600000$7iH6pHtLgjgDHnBW64mU0e$/LrZqnAb8piN+Frc8mAomweot0XhnCnmp60EPpxzPZk=", "last_login": null, "is_superuser": false, "email": "test114@mail.ru", "is_staff": false, "is_active": true, "date_joined": "2024-04-30T09:16:09.308Z", "username": "test114", "first_name": "test114", "last_name": "test114", "avatar": "User-avatar.svg.png", "groups": [], "user_permissions": []}}, {"model": "users.users", "pk": 120, "fields": {"password": "pbkdf2_sha256$600000$6WzMLhIBtJi76dZOYPxwhQ$WvLsgRsS+mdmkvrRYbh9dl09ymrZcSGNrDEKBqG44tY=", "last_login": "2024-04-30T15:02:30.476Z", "is_superuser": false, "email": "test115@mail.ru", "is_staff": false, "is_active": true, "date_joined": "2024-04-30T09:16:09.866Z", "username": "test115", "first_name": "test115", "last_name": "test115", "avatar": "User-avatar.svg.png", "groups": [], "user_permissions": []}}, {"model": "users.users", "pk": 121, "fields": {"password": "pbkdf2_sha256$600000$0C9vZlugpg4SNcnpW7Fp1F$Ubb7DfL6HfCDIRD14WrjzyFkMWHBOVUdRjeEt8YgZtE=", "last_login": "2024-04-30T15:06:19.019Z", "is_superuser": false, "email": "test116@mail.ru", "is_staff": false, "is_active": true, "date_joined": "2024-04-30T09:16:10.438Z", "username": "test116", "first_name": "test116", "last_name": "test116", "avatar": "User-avatar.svg.png", "groups": [], "user_permissions": []}}, {"model": "users.users", "pk": 122, "fields": {"password": "pbkdf2_sha256$600000$S3pFcxXG2OjEztvuxPTkkH$6yDASnlo9kTXsvxliGUPAtmbpuu80iM+KdFb1WOnGMY=", "last_login": "2024-04-30T15:13:31.268Z", "is_superuser": false, "email": "test117@mail.ru", "is_staff": false, "is_active": true, "date_joined": "2024-04-30T09:16:10.988Z", "username": "test117", "first_name": "test117", "last_name": "test117", "avatar": "User-avatar.svg.png", "groups": [], "user_permissions": []}}, {"model": "users.users", "pk": 123, "fields": {"password": "pbkdf2_sha256$600000$sYQ8dbbpXa3podjczSr7Ng$t21gkgvCH+HTFXoAZD3yuqp3Mjy+KRYWsLYNIc40HUM=", "last_login": "2024-04-30T15:41:43.374Z", "is_superuser": false, "email": "test118@mail.ru", "is_staff": false, "is_active": true, "date_joined": "2024-04-30T09:16:11.525Z", "username": "test118", "first_name": "test118", "last_name": "test118", "avatar": "User-avatar.svg.png", "groups": [], "user_permissions": []}}, {"model": "users.users", "pk": 124, "fields": {"password": "pbkdf2_sha256$600000$LGo06qN6gUycXPiL70Uv3Z$7iQcw5vFinsOBKNhFypMYnTovXZIRjLLyIkzjSTYvRo=", "last_login": null, "is_superuser": false, "email": "test119@mail.ru", "is_staff": false, "is_active": true, "date_joined": "2024-04-30T09:16:12.114Z", "username": "test119", "first_name": "test119", "last_name": "test119", "avatar": "User-avatar.svg.png", "groups": [], "user_permissions": []}}, {"model": "users.users", "pk": 125, "fields": {"password": "pbkdf2_sha256$600000$W1SGIHVMjzB2KT7USQc7H2$fJ6OrP353Dx2T8JGWpQuCTtydn2tB/FoIMNHvy75pQ8=", "last_login": "2024-04-30T20:15:24.076Z", "is_superuser": false, "email": "test120@mail.ru", "is_staff": false, "is_active": true, "date_joined": "2024-04-30T09:16:12.684Z", "username": "test120", "first_name": "test120", "last_name": "test120", "avatar": "User-avatar.svg.png", "groups": [], "user_permissions": []}}, {"model": "users.users", "pk": 126, "fields": {"password": "pbkdf2_sha256$600000$A5Kg1wzVbCATGZpedxamhv$kw3bueWi/DHIf0RjXvHSQFxYvle7R39CyIUL7zJRGLU=", "last_login": null, "is_superuser": false, "email": "test121@mail.ru", "is_staff": false, "is_active": true, "date_joined": "2024-04-30T09:16:13.214Z", "username": "test121", "first_name": "test121", "last_name": "test121", "avatar": "User-avatar.svg.png", "groups": [], "user_permissions": []}}, {"model": "users.users", "pk": 127, "fields": {"password": "pbkdf2_sha256$600000$Ru0xoAssKxL5EIcKcdMXN7$tUeWTUzBkCZ6Hhhx7A55ETjSHK0Mitcp9RFpN6WWxeU=", "last_login": null, "is_superuser": false, "email": "test122@mail.ru", "is_staff": false, "is_active": true, "date_joined": "2024-04-30T09:16:13.759Z", "username": "test122", "first_name": "test122", "last_name": "test122", "avatar": "User-avatar.svg.png", "groups": [], "user_permissions": []}}, {"model": "users.users", "pk": 128, "fields": {"password": "pbkdf2_sha256$600000$3iKRw7Irv8zu8OG12Uf5Gj$/bZ9FOm40zH1uaZhl9u5jdkV77kEyEFUg63sboTFiwU=", "last_login": null, "is_superuser": false, "email": "test123@mail.ru", "is_staff": false, "is_active": true, "date_joined": "2024-04-30T09:16:14.362Z", "username": "test123", "first_name": "test123", "last_name": "test123", "avatar": "User-avatar.svg.png", "groups": [], "user_permissions": []}}, {"model": "users.users", "pk": 129, "fields": {"password": "pbkdf2_sha256$600000$xjW7yxpIdmCWvYdU5eUamB$muKgJLly7uz8Y2NEUt69NFvUTCh1EXLl/VKCj9yAe1s=", "last_login": null, "is_superuser": false, "email": "test124@mail.ru", "is_staff": false, "is_active": true, "date_joined": "2024-04-30T09:16:14.934Z", "username": "test124", "first_name": "test124", "last_name": "test124", "avatar": "User-avatar.svg.png", "groups": [], "user_permissions": []}}, {"model": "users.users", "pk": 130, "fields": {"password": "pbkdf2_sha256$600000$w7rLI6nsO4BGeY6f8fZtuV$qbrifS1/+aklSVqYXVbVM3RaHJil1yUUVcdZFznfq2o=", "last_login": null, "is_superuser": false, "email": "test125@mail.ru", "is_staff": false, "is_active": true, "date_joined": "2024-04-30T09:16:15.493Z", "username": "test125", "first_name": "test125", "last_name": "test125", "avatar": "User-avatar.svg.png", "groups": [], "user_permissions": []}}, {"model": "users.users", "pk": 131, "fields": {"password": "pbkdf2_sha256$600000$01KHTZE7PTwoDfWvAES7Zv$TYmtNj92GGzX7ZXggb8DHJlMUSNSTEoUzgLAhi8XLKc=", "last_login": null, "is_superuser": false, "email": "test126@mail.ru", "is_staff": false, "is_active": true, "date_joined": "2024-04-30T09:16:16.059Z", "username": "test126", "first_name": "test126", "last_name": "test126", "avatar": "User-avatar.svg.png", "groups": [], "user_permissions": []}}, {"model": "users.users", "pk": 132, "fields": {"password": "pbkdf2_sha256$600000$prQ1Oko02D22XTucpFFpOO$waTzLisiAXH6iwdzjFsUh6j0jcjk1OdEXmSbcmxRUdE=", "last_login": null, "is_superuser": false, "email": "test127@mail.ru", "is_staff": false, "is_active": true, "date_joined": "2024-04-30T09:16:16.659Z", "username": "test127", "first_name": "test127", "last_name": "test127", "avatar": "User-avatar.svg.png", "groups": [], "user_permissions": []}}, {"model": "users.users", "pk": 133, "fields": {"password": "pbkdf2_sha256$600000$9XLSOCV3Z1iqSQNaMJS3LA$52YqIDJIB+3OBdC1wiXpDmWHV2fKS5+5eEgE6bxQbmA=", "last_login": null, "is_superuser": false, "email": "test128@mail.ru", "is_staff": false, "is_active": true, "date_joined": "2024-04-30T09:16:17.227Z", "username": "test128", "first_name": "test128", "last_name": "test128", "avatar": "User-avatar.svg.png", "groups": [], "user_permissions": []}}, {"model": "users.users", "pk": 134, "fields": {"password": "pbkdf2_sha256$600000$RFG9dfjbz5sbo71NWu08cq$y5T15BUUJxqQ3Mbnmt9YtU++Iuwi4kCqm5IVNvcgxHU=", "last_login": null, "is_superuser": false, "email": "test129@mail.ru", "is_staff": false, "is_active": true, "date_joined": "2024-04-30T09:16:17.851Z", "username": "test129", "first_name": "test129", "last_name": "test129", "avatar": "User-avatar.svg.png", "groups": [], "user_permissions": []}}, {"model": "users.users", "pk": 135, "fields": {"password": "pbkdf2_sha256$600000$xfCycyxbvdTVnCovxV2NFn$cidyYZJqDlSh4NDJDTr4ULeAf72vKGuzD+IDy9P+zWQ=", "last_login": null, "is_superuser": false, "email": "test130@mail.ru", "is_staff": false, "is_active": true, "date_joined": "2024-04-30T09:16:18.418Z", "username": "test130", "first_name": "test130", "last_name": "test130", "avatar": "User-avatar.svg.png", "groups": [], "user_permissions": []}}, {"model": "users.users", "pk": 136, "fields": {"password": "pbkdf2_sha256$600000$R9Re0f3OLrSFOSJil21wos$SzzjXl4XCPLfSXbt+AScD5/Ijl0M0gHWlDdOFI0/9+g=", "last_login": null, "is_superuser": false, "email": "test131@mail.ru", "is_staff": false, "is_active": true, "date_joined": "2024-04-30T09:16:18.977Z", "username": "test131", "first_name": "test131", "last_name": "test131", "avatar": "User-avatar.svg.png", "groups": [], "user_permissions": []}}, {"model": "users.users", "pk": 137, "fields": {"password": "pbkdf2_sha256$600000$ILRErHUwKR5dtqptqrOPI4$0p+EaQuCh+bkUTiHivoJaRV14iRNmwBC6WXEGFl2nzk=", "last_login": null, "is_superuser": false, "email": "test132@mail.ru", "is_staff": false, "is_active": true, "date_joined": "2024-04-30T09:16:19.511Z", "username": "test132", "first_name": "test132", "last_name": "test132", "avatar": "User-avatar.svg.png", "groups": [], "user_permissions": []}}, {"model": "users.users", "pk": 138, "fields": {"password": "pbkdf2_sha256$600000$ce5p3CBC2UGC3A4VM1QoZN$7ioFxHfJr/oVBkeNX8iR+9jM1V2gysPSBX3Jf++b9Bg=", "last_login": null, "is_superuser": false, "email": "test133@mail.ru", "is_staff": false, "is_active": true, "date_joined": "2024-04-30T09:16:20.116Z", "username": "test133", "first_name": "test133", "last_name": "test133", "avatar": "User-avatar.svg.png", "groups": [], "user_permissions": []}}, {"model": "users.users", "pk": 139, "fields": {"password": "pbkdf2_sha256$600000$ppTSUJ1M2CJYPQRSVdJHcs$554qg/XqdOzl62C53DxZnfdd1sGHc1K5SOGZ7y+NElA=", "last_login": null, "is_superuser": false, "email": "test134@mail.ru", "is_staff": false, "is_active": true, "date_joined": "2024-04-30T09:16:20.683Z", "username": "test134", "first_name": "test134", "last_name": "test134", "avatar": "User-avatar.svg.png", "groups": [], "user_permissions": []}}, {"model": "users.users", "pk": 140, "fields": {"password": "pbkdf2_sha256$600000$lbA092dpdXCL5axMTRKoZe$ehTvpPsFdm/qA0UMH/3zg1FhgwxYRC8LMzpbYJA6iJ4=", "last_login": null, "is_superuser": false, "email": "test135@mail.ru", "is_staff": false, "is_active": true, "date_joined": "2024-04-30T09:16:21.253Z", "username": "test135", "first_name": "test135", "last_name": "test135", "avatar": "User-avatar.svg.png", "groups": [], "user_permissions": []}}, {"model": "users.users", "pk": 141, "fields": {"password": "pbkdf2_sha256$600000$h6lzYGkvpqcjkwbWbo8oUN$ouFEXx0bDlxi0OzWhrWYwj98AMlo+psJ8K5Pdlr0zCc=", "last_login": null, "is_superuser": false, "email": "test136@mail.ru", "is_staff": false, "is_active": true, "date_joined": "2024-04-30T09:16:21.786Z", "username": "test136", "first_name": "test136", "last_name": "test136", "avatar": "User-avatar.svg.png", "groups": [], "user_permissions": []}}, {"model": "users.users", "pk": 142, "fields": {"password": "pbkdf2_sha256$600000$j6EnKQggM549Ourcxsjulk$FqMQ0JV5RHthvqpe2w2+T4Q1KeMkCk5u2zHJGdIH8Tg=", "last_login": null, "is_superuser": false, "email": "test137@mail.ru", "is_staff": false, "is_active": true, "date_joined": "2024-04-30T09:16:22.345Z", "username": "test137", "first_name": "test137", "last_name": "test137", "avatar": "User-avatar.svg.png", "groups": [], "user_permissions": []}}, {"model": "users.users", "pk": 143, "fields": {"password": "pbkdf2_sha256$600000$AXIiCAVE0VWxypYcarr0P0$FnRYOjmaaZ+QIO/TSyGmajBL2tYSpvhhe6B9gYU42vs=", "last_login": null, "is_superuser": false, "email": "test138@mail.ru", "is_staff": false, "is_active": true, "date_joined": "2024-04-30T09:16:22.928Z", "username": "test138", "first_name": "test138", "last_name": "test138", "avatar": "User-avatar.svg.png", "groups": [], "user_permissions": []}}, {"model": "users.users", "pk": 144, "fields": {"password": "pbkdf2_sha256$600000$FDkyvMgZjAnzeVuDb46aKf$NJo3j1NRUL3yuBbkSw0RgOHcvGrrhnqhUw4K/tca8dE=", "last_login": null, "is_superuser": false, "email": "test139@mail.ru", "is_staff": false, "is_active": true, "date_joined": "2024-04-30T09:16:23.553Z", "username": "test139", "first_name": "test139", "last_name": "test139", "avatar": "User-avatar.svg.png", "groups": [], "user_permissions": []}}, {"model": "users.users", "pk": 145, "fields": {"password": "pbkdf2_sha256$600000$UxPjzemp9l2v42q2HprUiJ$cuoHatkoGBRK5umUNwOt6iJ5ILqNMqQBZgJouSEytNc=", "last_login": null, "is_superuser": false, "email": "test140@mail.ru", "is_staff": false, "is_active": true, "date_joined": "2024-04-30T09:16:24.104Z", "username": "test140", "first_name": "test140", "last_name": "test140", "avatar": "User-avatar.svg.png", "groups": [], "user_permissions": []}}, {"model": "users.users", "pk": 146, "fields": {"password": "pbkdf2_sha256$600000$ImPz8bzR5fE45rshOQlTvK$oQrzc0LrK8HMXbBsu3Nq9vurnKsRTN97Qdm8t38grlg=", "last_login": null, "is_superuser": false, "email": "test141@mail.ru", "is_staff": false, "is_active": true, "date_joined": "2024-04-30T09:16:24.634Z", "username": "test141", "first_name": "test141", "last_name": "test141", "avatar": "User-avatar.svg.png", "groups": [], "user_permissions": []}}, {"model": "users.users", "pk": 147, "fields": {"password": "pbkdf2_sha256$600000$w0XWWBs8dOHFRXkbF3qWcj$T/AWy1bzot3CKVQOysC+OALRdNkLcffoUepgdHUzp8g=", "last_login": null, "is_superuser": false, "email": "test142@mail.ru", "is_staff": false, "is_active": true, "date_joined": "2024-04-30T09:16:25.230Z", "username": "test142", "first_name": "test142", "last_name": "test142", "avatar": "User-avatar.svg.png", "groups": [], "user_permissions": []}}, {"model": "users.users", "pk": 148, "fields": {"password": "pbkdf2_sha256$600000$0Oe6JYk7YGpNHos518fwqc$yNu6/PxdtWfNtqjyMMyck/oB/uDH95MfW4c+TNqbulg=", "last_login": null, "is_superuser": false, "email": "test143@mail.ru", "is_staff": false, "is_active": true, "date_joined": "2024-04-30T09:16:25.829Z", "username": "test143", "first_name": "test143", "last_name": "test143", "avatar": "User-avatar.svg.png", "groups": [], "user_permissions": []}}, {"model": "users.users", "pk": 149, "fields": {"password": "pbkdf2_sha256$600000$FwqhafQ6YlNQGCIGAvETND$IeNJvHy18b2DejluPMed0FvJyJe8USJbaszGcyqMtzI=", "last_login": null, "is_superuser": false, "email": "test144@mail.ru", "is_staff": false, "is_active": true, "date_joined": "2024-04-30T09:16:26.421Z", "username": "test144", "first_name": "test144", "last_name": "test144", "avatar": "User-avatar.svg.png", "groups": [], "user_permissions": []}}, {"model": "users.users", "pk": 150, "fields": {"password": "pbkdf2_sha256$600000$uivZsM0E2S42C9JePyu1jl$xQxmMkdgD4UljzTaK405zs6XpYpAe7u7jo7i0BtbnbM=", "last_login": null, "is_superuser": false, "email": "test145@mail.ru", "is_staff": false, "is_active": true, "date_joined": "2024-04-30T09:16:27.010Z", "username": "test145", "first_name": "test145", "last_name": "test145", "avatar": "User-avatar.svg.png", "groups": [], "user_permissions": []}}, {"model": "users.users", "pk": 151, "fields": {"password": "pbkdf2_sha256$600000$syvYPArhzCaBOOG4zD7G1x$uWAVRpBgoXXBTBDwKAzHO71ySV/G0Xw05Qe85eSLbnE=", "last_login": null, "is_superuser": false, "email": "test146@mail.ru", "is_staff": false, "is_active": true, "date_joined": "2024-04-30T09:16:27.610Z", "username": "test146", "first_name": "test146", "last_name": "test146", "avatar": "User-avatar.svg.png", "groups": [], "user_permissions": []}}, {"model": "users.users", "pk": 152, "fields": {"password": "pbkdf2_sha256$600000$HT7TJ2NOyNeElFyGToHV8h$svXHGyurhTf5BBaql3vYmn10UmARlOeFLw/DvAWGM1o=", "last_login": null, "is_superuser": false, "email": "test147@mail.ru", "is_staff": false, "is_active": true, "date_joined": "2024-04-30T09:16:28.201Z", "username": "test147", "first_name": "test147", "last_name": "test147", "avatar": "User-avatar.svg.png", "groups": [], "user_permissions": []}}, {"model": "users.users", "pk": 153, "fields": {"password": "pbkdf2_sha256$600000$VM2XyN2gWeBYEjjxZm883G$Ox3+sDKdMO7qEoCg+MsyItdyKqeRkB3lLKdKzMdwbfw=", "last_login": null, "is_superuser": false, "email": "test148@mail.ru", "is_staff": false, "is_active": true, "date_joined": "2024-04-30T09:16:28.830Z", "username": "test148", "first_name": "test148", "last_name": "test148", "avatar": "User-avatar.svg.png", "groups": [], "user_permissions": []}}, {"model": "users.users", "pk": 154, "fields": {"password": "pbkdf2_sha256$600000$41e9BQ1CioZX6NHD07hclY$W8c0/EII6AC5i/BuVz0WfBvk9Gzj7MTfBlZK03WRZfo=", "last_login": null, "is_superuser": false, "email": "test149@mail.ru", "is_staff": false, "is_active": true, "date_joined": "2024-04-30T09:16:29.402Z", "username": "test149", "first_name": "test149", "last_name": "test149", "avatar": "User-avatar.svg.png", "groups": [], "user_permissions": []}}, {"model": "users.users", "pk": 155, "fields": {"password": "pbkdf2_sha256$600000$sBS9sLPAFS8N1gbbWMlDFS$0LZkv7T3xhhbkpIKjWpXYvmW4aStGzzBk75C47fuNAg=", "last_login": "2024-05-01T11:06:06.428Z", "is_superuser": false, "email": "test150@mail.ru", "is_staff": false, "is_active": true, "date_joined": "2024-04-30T09:16:29.947Z", "username": "test150", "first_name": "test150", "last_name": "test150", "avatar": "User-avatar.svg.png", "groups": [], "user_permissions": []}}, {"model": "users.users", "pk": 156, "fields": {"password": "pbkdf2_sha256$600000$4KPk1A6l0EOVNuzz7VyKlt$K2aoW66AtRXc7HcLuvaBIDKbuLKi8asp8hsJYEEqfv0=", "last_login": null, "is_superuser": false, "email": "test151@mail.ru", "is_staff": false, "is_active": true, "date_joined": "2024-04-30T09:16:30.547Z", "username": "test151", "first_name": "test151", "last_name": "test151", "avatar": "User-avatar.svg.png", "groups": [], "user_permissions": []}}, {"model": "users.users", "pk": 157, "fields": {"password": "pbkdf2_sha256$600000$EpufrO40vctTifZxkmHuXg$awYdw2QCR+sOw5qv2NvfqlM1j7mrw+uQX7zZFPKt+cE=", "last_login": null, "is_superuser": false, "email": "test152@mail.ru", "is_staff": false, "is_active": true, "date_joined": "2024-04-30T09:16:31.097Z", "username": "test152", "first_name": "test152", "last_name": "test152", "avatar": "User-avatar.svg.png", "groups": [], "user_permissions": []}}, {"model": "users.users", "pk": 158, "fields": {"password": "pbkdf2_sha256$600000$AqKuKbfPqVtl6DKwoEYkBd$iTl3yPoqGHWRjGn1avojZricmPgiPjJlJhCAwIvsEyA=", "last_login": null, "is_superuser": false, "email": "test153@mail.ru", "is_staff": false, "is_active": true, "date_joined": "2024-04-30T09:16:31.647Z", "username": "test153", "first_name": "test153", "last_name": "test153", "avatar": "User-avatar.svg.png", "groups": [], "user_permissions": []}}, {"model": "users.users", "pk": 159, "fields": {"password": "pbkdf2_sha256$600000$2WaNPDhJpKECkrR07k9Jg1$w2QZpzO2+dK0GHn6BoT8pruVKrhTLzQV8rWCzZ2Bz7U=", "last_login": null, "is_superuser": false, "email": "test154@mail.ru", "is_staff": false, "is_active": true, "date_joined": "2024-04-30T09:16:32.190Z", "username": "test154", "first_name": "test154", "last_name": "test154", "avatar": "User-avatar.svg.png", "groups": [], "user_permissions": []}}, {"model": "users.users", "pk": 160, "fields": {"password": "pbkdf2_sha256$600000$gS8PqJvMbvhXWAVi60u6ub$uOKuw1xsRLzNVQXyFg6BlV1EliokNCG3LQp/9PWuaAI=", "last_login": null, "is_superuser": false, "email": "test155@mail.ru", "is_staff": false, "is_active": true, "date_joined": "2024-04-30T09:16:32.723Z", "username": "test155", "first_name": "test155", "last_name": "test155", "avatar": "User-avatar.svg.png", "groups": [], "user_permissions": []}}, {"model": "users.users", "pk": 161, "fields": {"password": "pbkdf2_sha256$600000$N2euLW7DVhchWwrqeHNaGV$iFTHx25opl7zWabbfWiRzi3Ff1OAysTcO0YUZsH/WNw=", "last_login": null, "is_superuser": false, "email": "test156@mail.ru", "is_staff": false, "is_active": true, "date_joined": "2024-04-30T09:16:33.273Z", "username": "test156", "first_name": "test156", "last_name": "test156", "avatar": "User-avatar.svg.png", "groups": [], "user_permissions": []}}, {"model": "users.users", "pk": 162, "fields": {"password": "pbkdf2_sha256$600000$nnCErtQxF0ovYqt9pJIqzL$4vnhE5NXMtjh/TfiH8X9dodxpcyzuPcx4CaQRrJGvfY=", "last_login": null, "is_superuser": false, "email": "test157@mail.ru", "is_staff": false, "is_active": true, "date_joined": "2024-04-30T09:16:33.845Z", "username": "test157", "first_name": "test157", "last_name": "test157", "avatar": "User-avatar.svg.png", "groups": [], "user_permissions": []}}, {"model": "users.users", "pk": 163, "fields": {"password": "pbkdf2_sha256$600000$RKzdBnxgAA5TAEOUyhBMkN$MQtjIuuyP9s00qo8YfWb42+Lzqy80IDEd8Rq/YOFyKk=", "last_login": null, "is_superuser": false, "email": "test158@mail.ru", "is_staff": false, "is_active": true, "date_joined": "2024-04-30T09:16:34.411Z", "username": "test158", "first_name": "test158", "last_name": "test158", "avatar": "User-avatar.svg.png", "groups": [], "user_permissions": []}}, {"model": "users.users", "pk": 164, "fields": {"password": "pbkdf2_sha256$600000$Wsx2EJqdSVwsLy8EjQtTFT$TE+n/amyxSwok1LXq/obNS0ut2ZZw52RCAKQG5galTs=", "last_login": "2024-05-01T11:06:00.344Z", "is_superuser": false, "email": "test159@mail.ru", "is_staff": false, "is_active": true, "date_joined": "2024-04-30T09:16:34.995Z", "username": "test159", "first_name": "test159", "last_name": "test159", "avatar": "User-avatar.svg.png", "groups": [], "user_permissions": []}}, {"model": "users.users", "pk": 165, "fields": {"password": "pbkdf2_sha256$600000$tyBocpuWMorwrejgvoNDJZ$PsATTU3Tk9MCSPBNTDG41xTqcKcAUraNgeCrGbD1mjs=", "last_login": null, "is_superuser": false, "email": "test160@mail.ru", "is_staff": false, "is_active": true, "date_joined": "2024-04-30T09:16:35.540Z", "username": "test160", "first_name": "test160", "last_name": "test160", "avatar": "User-avatar.svg.png", "groups": [], "user_permissions": []}}, {"model": "users.users", "pk": 166, "fields": {"password": "pbkdf2_sha256$600000$BeofETFTQ2DcmoYqxtATeX$/VGOGTjUKZiWo9umRf6Xr9DSL9VsHPyMxraefDDirZo=", "last_login": null, "is_superuser": false, "email": "test161@mail.ru", "is_staff": false, "is_active": true, "date_joined": "2024-04-30T09:16:36.133Z", "username": "test161", "first_name": "test161", "last_name": "test161", "avatar": "User-avatar.svg.png", "groups": [], "user_permissions": []}}, {"model": "users.users", "pk": 167, "fields": {"password": "pbkdf2_sha256$600000$QDvTrw2kfKnhQdlLArJkhC$qQmnZnLspvlPtKXMxH1BQO/UWpL1K8P33gIQYx4FYsk=", "last_login": null, "is_superuser": false, "email": "test162@mail.ru", "is_staff": false, "is_active": true, "date_joined": "2024-04-30T09:16:36.674Z", "username": "test162", "first_name": "test162", "last_name": "test162", "avatar": "User-avatar.svg.png", "groups": [], "user_permissions": []}}, {"model": "users.users", "pk": 168, "fields": {"password": "pbkdf2_sha256$600000$4xGSJP7x6TxSSwnTisuU4B$BZHWKN2XnbHyrdQXKUQiYp1JJeZmXUmeyt8VJqNWr6I=", "last_login": null, "is_superuser": false, "email": "test163@mail.ru", "is_staff": false, "is_active": true, "date_joined": "2024-04-30T09:16:37.225Z", "username": "test163", "first_name": "test163", "last_name": "test163", "avatar": "User-avatar.svg.png", "groups": [], "user_permissions": []}}, {"model": "users.users", "pk": 169, "fields": {"password": "pbkdf2_sha256$600000$i51AILJsLsQsjuHRG6TDry$UbnN35xi1f3FxG3h62wIkvzrbMBaPubSznwyenbAy00=", "last_login": null, "is_superuser": false, "email": "test164@mail.ru", "is_staff": false, "is_active": true, "date_joined": "2024-04-30T09:16:37.763Z", "username": "test164", "first_name": "test164", "last_name": "test164", "avatar": "User-avatar.svg.png", "groups": [], "user_permissions": []}}, {"model": "users.users", "pk": 170, "fields": {"password": "pbkdf2_sha256$600000$Ms0iraFqoYebwbvQUdv306$140dgd4Z5mC3fhWIbriaAA6rfxc0W/RQBzABnPQHUMQ=", "last_login": null, "is_superuser": false, "email": "test165@mail.ru", "is_staff": false, "is_active": true, "date_joined": "2024-04-30T09:16:38.347Z", "username": "test165", "first_name": "test165", "last_name": "test165", "avatar": "User-avatar.svg.png", "groups": [], "user_permissions": []}}, {"model": "users.users", "pk": 171, "fields": {"password": "pbkdf2_sha256$600000$If1nFviHlmeRWwBHR6lh61$cCCgVtwhl07KzDufVVc9r70jzxRGdL1J23MBVN+aDtY=", "last_login": null, "is_superuser": false, "email": "test166@mail.ru", "is_staff": false, "is_active": true, "date_joined": "2024-04-30T09:16:38.922Z", "username": "test166", "first_name": "test166", "last_name": "test166", "avatar": "User-avatar.svg.png", "groups": [], "user_permissions": []}}, {"model": "users.users", "pk": 172, "fields": {"password": "pbkdf2_sha256$600000$OyahV8nYE86VcmAO7wtD2v$i+gEPAx74s2Ea1KriX14V9xBwuUokjDMO0XCn2y3AGE=", "last_login": null, "is_superuser": false, "email": "test167@mail.ru", "is_staff": false, "is_active": true, "date_joined": "2024-04-30T09:16:39.467Z", "username": "test167", "first_name": "test167", "last_name": "test167", "avatar": "User-avatar.svg.png", "groups": [], "user_permissions": []}}, {"model": "users.users", "pk": 173, "fields": {"password": "pbkdf2_sha256$600000$hDHmyBRkujXWmzM5r4jB3s$QuwJNun6ZLmSgmA8JXeBU2otbswpr1fzUa9B7RkERUA=", "last_login": null, "is_superuser": false, "email": "test168@mail.ru", "is_staff": false, "is_active": true, "date_joined": "2024-04-30T09:16:40.031Z", "username": "test168", "first_name": "test168", "last_name": "test168", "avatar": "User-avatar.svg.png", "groups": [], "user_permissions": []}}, {"model": "users.users", "pk": 174, "fields": {"password": "pbkdf2_sha256$600000$zFHjh84xRY4CHlpGDqSjtI$sXSm85PG/aGf6L/c+9vUmId9pn0s25hWm+f8B+dGTZY=", "last_login": null, "is_superuser": false, "email": "test169@mail.ru", "is_staff": false, "is_active": true, "date_joined": "2024-04-30T09:16:40.564Z", "username": "test169", "first_name": "test169", "last_name": "test169", "avatar": "User-avatar.svg.png", "groups": [], "user_permissions": []}}, {"model": "users.users", "pk": 175, "fields": {"password": "pbkdf2_sha256$600000$HEBmOdkhJh3pC8OmoKEwVn$9zPK9mQjTY9vydEVXzMNogQ+QZF8JuoLbZjeUDi1zd4=", "last_login": null, "is_superuser": false, "email": "test170@mail.ru", "is_staff": false, "is_active": true, "date_joined": "2024-04-30T09:16:41.117Z", "username": "test170", "first_name": "test170", "last_name": "test170", "avatar": "User-avatar.svg.png", "groups": [], "user_permissions": []}}, {"model": "users.users", "pk": 176, "fields": {"password": "pbkdf2_sha256$600000$0NiDfaY2aCfNPKN6xwjFcQ$BkBYKcCwU9edBv6+Plg4Zdd+uLelMLSVsmTXKyDJ8xc=", "last_login": null, "is_superuser": false, "email": "test171@mail.ru", "is_staff": false, "is_active": true, "date_joined": "2024-04-30T09:16:41.795Z", "username": "test171", "first_name": "test171", "last_name": "test171", "avatar": "User-avatar.svg.png", "groups": [], "user_permissions": []}}, {"model": "users.users", "pk": 177, "fields": {"password": "pbkdf2_sha256$600000$Oeb5XVFVu7BtNSDfrV7NBZ$qB3o5/YQ6n3aPRMe1VGQkeCyCSHkJM+918wiSPHDN8Q=", "last_login": null, "is_superuser": false, "email": "test172@mail.ru", "is_staff": false, "is_active": true, "date_joined": "2024-04-30T09:16:42.456Z", "username": "test172", "first_name": "test172", "last_name": "test172", "avatar": "User-avatar.svg.png", "groups": [], "user_permissions": []}}, {"model": "users.users", "pk": 178, "fields": {"password": "pbkdf2_sha256$600000$XXChICAQiyre5bSrW3KM30$r8pz49mhh+iDDi0Jcv+SDiPkFhEsXvh6M6w7HKe/zss=", "last_login": null, "is_superuser": false, "email": "test173@mail.ru", "is_staff": false, "is_active": true, "date_joined": "2024-04-30T09:16:42.998Z", "username": "test173", "first_name": "test173", "last_name": "test173", "avatar": "User-avatar.svg.png", "groups": [], "user_permissions": []}}, {"model": "users.users", "pk": 179, "fields": {"password": "pbkdf2_sha256$600000$C3WTWCtWHIuL0tGI6IgPyk$l4oO87syjlqsseEpq4f2HZgiy0ErSn3b5bIusOF5qC0=", "last_login": null, "is_superuser": false, "email": "test174@mail.ru", "is_staff": false, "is_active": true, "date_joined": "2024-04-30T09:16:43.526Z", "username": "test174", "first_name": "test174", "last_name": "test174", "avatar": "User-avatar.svg.png", "groups": [], "user_permissions": []}}, {"model": "users.users", "pk": 180, "fields": {"password": "pbkdf2_sha256$600000$rNzjX1HUw3rM1tDx9KV5d8$N4J4TmK78SC30cSlLwPsMQxHAcis8Ai/nIycEIfijiM=", "last_login": null, "is_superuser": false, "email": "test175@mail.ru", "is_staff": false, "is_active": true, "date_joined": "2024-04-30T09:16:44.073Z", "username": "test175", "first_name": "test175", "last_name": "test175", "avatar": "User-avatar.svg.png", "groups": [], "user_permissions": []}}, {"model": "users.users", "pk": 181, "fields": {"password": "pbkdf2_sha256$600000$K9a4ExnJqxlbMzcd5DUclk$kgtj2+2QPRkcovdCW59tfCniRwP0k4ajG/T2OGUH+QA=", "last_login": null, "is_superuser": false, "email": "test176@mail.ru", "is_staff": false, "is_active": true, "date_joined": "2024-04-30T09:16:44.607Z", "username": "test176", "first_name": "test176", "last_name": "test176", "avatar": "User-avatar.svg.png", "groups": [], "user_permissions": []}}, {"model": "users.users", "pk": 182, "fields": {"password": "pbkdf2_sha256$600000$nKknvdAvKi4smnrnqJ6lW2$zzVreLWxJ2gicuUKBGqiUcHnRqOpoZncfvLaT9xf83g=", "last_login": null, "is_superuser": false, "email": "test177@mail.ru", "is_staff": false, "is_active": true, "date_joined": "2024-04-30T09:16:45.152Z", "username": "test177", "first_name": "test177", "last_name": "test177", "avatar": "User-avatar.svg.png", "groups": [], "user_permissions": []}}, {"model": "users.users", "pk": 183, "fields": {"password": "pbkdf2_sha256$600000$ECxqB0Xss9NKY20hSlN47m$C4j43Odw/PjGL7i4CKKKya1G5subgsNWDTaOk+cYoC8=", "last_login": "2024-05-06T08:33:36.963Z", "is_superuser": false, "email": "test178@mail.ru", "is_staff": false, "is_active": true, "date_joined": "2024-04-30T09:16:45.691Z", "username": "test178", "first_name": "test178", "last_name": "test178", "avatar": "User-avatar.svg.png", "groups": [], "user_permissions": []}}, {"model": "users.users", "pk": 184, "fields": {"password": "pbkdf2_sha256$600000$yWh8fev3pFcMsUZ3rVrdQ9$0BuEfgMgfKObMPekliNRxrPneZsaYdWsT3xNHOCStmw=", "last_login": null, "is_superuser": false, "email": "test179@mail.ru", "is_staff": false, "is_active": true, "date_joined": "2024-04-30T09:16:46.235Z", "username": "test179", "first_name": "test179", "last_name": "test179", "avatar": "User-avatar.svg.png", "groups": [], "user_permissions": []}}, {"model": "users.users", "pk": 185, "fields": {"password": "pbkdf2_sha256$600000$BWjtfHaE9lshXuNJQPnjHh$zhlEdNisWaY95ujLsfhIQbE0I5px0C/7ZyGyyD1yxMo=", "last_login": null, "is_superuser": false, "email": "test180@mail.ru", "is_staff": false, "is_active": true, "date_joined": "2024-04-30T09:16:46.786Z", "username": "test180", "first_name": "test180", "last_name": "test180", "avatar": "User-avatar.svg.png", "groups": [], "user_permissions": []}}, {"model": "users.users", "pk": 186, "fields": {"password": "pbkdf2_sha256$600000$wzQH2ZMaABrWF7cXbx07hw$VTwCIavYA91mgQnRKsw40i3agH2cntkxtbjijWIlERs=", "last_login": null, "is_superuser": false, "email": "test181@mail.ru", "is_staff": false, "is_active": true, "date_joined": "2024-04-30T09:16:47.394Z", "username": "test181", "first_name": "test181", "last_name": "test181", "avatar": "User-avatar.svg.png", "groups": [], "user_permissions": []}}, {"model": "users.users", "pk": 187, "fields": {"password": "pbkdf2_sha256$600000$ElDQpN0GfjFo5MxIWvMeEk$ZyEMI0EIRKOuV2py1j8Y4ghvCSx60MxywYxjoYvxBns=", "last_login": null, "is_superuser": false, "email": "test182@mail.ru", "is_staff": false, "is_active": true, "date_joined": "2024-04-30T09:16:47.936Z", "username": "test182", "first_name": "test182", "last_name": "test182", "avatar": "User-avatar.svg.png", "groups": [], "user_permissions": []}}, {"model": "users.users", "pk": 188, "fields": {"password": "pbkdf2_sha256$600000$XhSoam2AHIWN5IUIoPgoWs$+ojSFREVEKWZftw1hHTfXGON/IhqWs+Q4MliEQVtMEU=", "last_login": null, "is_superuser": false, "email": "test183@mail.ru", "is_staff": false, "is_active": true, "date_joined": "2024-04-30T09:16:48.566Z", "username": "test183", "first_name": "test183", "last_name": "test183", "avatar": "User-avatar.svg.png", "groups": [], "user_permissions": []}}, {"model": "users.users", "pk": 189, "fields": {"password": "pbkdf2_sha256$600000$Sz0lE2CvawRQUSvAtFQ3Qy$OTKsLuJ8Bjud5FCRq9PUfBcm63KlyxJDAoACZIw0thQ=", "last_login": null, "is_superuser": false, "email": "test184@mail.ru", "is_staff": false, "is_active": true, "date_joined": "2024-04-30T09:16:49.169Z", "username": "test184", "first_name": "test184", "last_name": "test184", "avatar": "User-avatar.svg.png", "groups": [], "user_permissions": []}}, {"model": "users.users", "pk": 190, "fields": {"password": "pbkdf2_sha256$600000$4Vu5UIvmouFIvcbRNtgr4s$oYMTNjODsHIhkWVkfZe03EvDRr2Qna+HfpiM8m00GaY=", "last_login": null, "is_superuser": false, "email": "test185@mail.ru", "is_staff": false, "is_active": true, "date_joined": "2024-04-30T09:16:49.720Z", "username": "test185", "first_name": "test185", "last_name": "test185", "avatar": "User-avatar.svg.png", "groups": [], "user_permissions": []}}, {"model": "users.users", "pk": 191, "fields": {"password": "pbkdf2_sha256$600000$ln79MWqX4cCe4dRdXpjkYU$J5/w6263lqIewAktmZmdDGN7OyG4eWhMcAc+c8O4upo=", "last_login": null, "is_superuser": false, "email": "test186@mail.ru", "is_staff": false, "is_active": true, "date_joined": "2024-04-30T09:16:50.306Z", "username": "test186", "first_name": "test186", "last_name": "test186", "avatar": "User-avatar.svg.png", "groups": [], "user_permissions": []}}, {"model": "users.users", "pk": 192, "fields": {"password": "pbkdf2_sha256$600000$pcSm1jJ9XbLvmI0sbYjF6d$H2T0zlQ//NP4oFc1f5GaeSVReiPcn1dZF6dpvvcPJio=", "last_login": null, "is_superuser": false, "email": "test187@mail.ru", "is_staff": false, "is_active": true, "date_joined": "2024-04-30T09:16:50.879Z", "username": "test187", "first_name": "test187", "last_name": "test187", "avatar": "User-avatar.svg.png", "groups": [], "user_permissions": []}}, {"model": "users.users", "pk": 193, "fields": {"password": "pbkdf2_sha256$600000$zJO4V7Ua76qIR0c1LtItqf$Gux5qgg0uwlXMRyd9GHsEmjJRSuHUutlFAL9Tuf+pjw=", "last_login": null, "is_superuser": false, "email": "test188@mail.ru", "is_staff": false, "is_active": true, "date_joined": "2024-04-30T09:16:51.445Z", "username": "test188", "first_name": "test188", "last_name": "test188", "avatar": "User-avatar.svg.png", "groups": [], "user_permissions": []}}, {"model": "users.users", "pk": 194, "fields": {"password": "pbkdf2_sha256$600000$nvM6KvBkd3ZFlHdweEuKeN$zmNCq6iavqfSOvuW6MPCVEmh4JRIXQZKDB7rrCOX8QM=", "last_login": null, "is_superuser": false, "email": "test189@mail.ru", "is_staff": false, "is_active": true, "date_joined": "2024-04-30T09:16:51.995Z", "username": "test189", "first_name": "test189", "last_name": "test189", "avatar": "User-avatar.svg.png", "groups": [], "user_permissions": []}}, {"model": "users.users", "pk": 195, "fields": {"password": "pbkdf2_sha256$600000$bcefRhk0ugzPFU7yseEU8g$q+j9ppuIekGuoLW3XhSvko315HkNtD+dPEuM4Yryctw=", "last_login": null, "is_superuser": false, "email": "test190@mail.ru", "is_staff": false, "is_active": true, "date_joined": "2024-04-30T09:16:52.596Z", "username": "test190", "first_name": "test190", "last_name": "test190", "avatar": "User-avatar.svg.png", "groups": [], "user_permissions": []}}, {"model": "users.users", "pk": 196, "fields": {"password": "pbkdf2_sha256$600000$U57XBUJhgq5gw4fi7cNPQy$3vXpGl/7MaMirIAZiLoAuJibEy76PVMPDT0rt9qJcX8=", "last_login": null, "is_superuser": false, "email": "test191@mail.ru", "is_staff": false, "is_active": true, "date_joined": "2024-04-30T09:16:53.143Z", "username": "test191", "first_name": "test191", "last_name": "test191", "avatar": "User-avatar.svg.png", "groups": [], "user_permissions": []}}, {"model": "users.users", "pk": 197, "fields": {"password": "pbkdf2_sha256$600000$dS9Q0SdvXl28vgtPX48Yex$ku1lqmrwE00jL+YiuS+lz1wi8kUHxyO5y6bw/AzhwlY=", "last_login": null, "is_superuser": false, "email": "test192@mail.ru", "is_staff": false, "is_active": true, "date_joined": "2024-04-30T09:16:53.738Z", "username": "test192", "first_name": "test192", "last_name": "test192", "avatar": "User-avatar.svg.png", "groups": [], "user_permissions": []}}, {"model": "users.users", "pk": 198, "fields": {"password": "pbkdf2_sha256$600000$ca7glvTwqOpmeyLK9fa5ek$Kzfysz+E5celyMzXvOUYusqYfZrdp1QMq0VLh04gIb8=", "last_login": null, "is_superuser": false, "email": "test193@mail.ru", "is_staff": false, "is_active": true, "date_joined": "2024-04-30T09:16:54.280Z", "username": "test193", "first_name": "test193", "last_name": "test193", "avatar": "User-avatar.svg.png", "groups": [], "user_permissions": []}}, {"model": "users.users", "pk": 199, "fields": {"password": "pbkdf2_sha256$600000$jTriz4zcsQOXxUK6ly0RVf$R5leojWQQHsxIt9MPoZ/NnfVbNPgo4kXUrhdeVvO/Jo=", "last_login": null, "is_superuser": false, "email": "test194@mail.ru", "is_staff": false, "is_active": true, "date_joined": "2024-04-30T09:16:54.826Z", "username": "test194", "first_name": "test194", "last_name": "test194", "avatar": "User-avatar.svg.png", "groups": [], "user_permissions": []}}, {"model": "users.users", "pk": 200, "fields": {"password": "pbkdf2_sha256$600000$QlyBSXP52GJ9rbAkGNaIwM$ZrtxVaZWflVpFEYRWidRRjuNMy6jlwFyLlPv/j/VVpU=", "last_login": null, "is_superuser": false, "email": "test195@mail.ru", "is_staff": false, "is_active": true, "date_joined": "2024-04-30T09:16:55.439Z", "username": "test195", "first_name": "test195", "last_name": "test195", "avatar": "User-avatar.svg.png", "groups": [], "user_permissions": []}}, {"model": "users.users", "pk": 201, "fields": {"password": "pbkdf2_sha256$600000$xz25pQofFhO6jXdfh8Mf2x$uDhKSN+SqR/3HlpFozGmhWJuuhZA6f3MGY4DP/pTwGw=", "last_login": null, "is_superuser": false, "email": "test196@mail.ru", "is_staff": false, "is_active": true, "date_joined": "2024-04-30T09:16:56.002Z", "username": "test196", "first_name": "test196", "last_name": "test196", "avatar": "User-avatar.svg.png", "groups": [], "user_permissions": []}}, {"model": "users.users", "pk": 202, "fields": {"password": "pbkdf2_sha256$600000$pea9AZIPuplyeFhXorBhFK$wmoFeRVBaJUCwSyS6TCElHptbtgkZrs1X/9ajusGus0=", "last_login": null, "is_superuser": false, "email": "test197@mail.ru", "is_staff": false, "is_active": true, "date_joined": "2024-04-30T09:16:56.544Z", "username": "test197", "first_name": "test197", "last_name": "test197", "avatar": "User-avatar.svg.png", "groups": [], "user_permissions": []}}, {"model": "users.users", "pk": 203, "fields": {"password": "pbkdf2_sha256$600000$lYEmuXKO4Lfjnhr6ilDoAK$2K945g5+77fCfuF6N2ud3o2j7YJhSFd8SB+X+CsdDCo=", "last_login": null, "is_superuser": false, "email": "test198@mail.ru", "is_staff": false, "is_active": true, "date_joined": "2024-04-30T09:16:57.102Z", "username": "test198", "first_name": "test198", "last_name": "test198", "avatar": "User-avatar.svg.png", "groups": [], "user_permissions": []}}, {"model": "users.users", "pk": 204, "fields": {"password": "pbkdf2_sha256$600000$jm0PSwsUn3MKmmYKQtZMXH$0u8Q5QIAGCxEhmUIEduTml8NcqpLfza7ZX4QsUD9dg4=", "last_login": null, "is_superuser": false, "email": "test199@mail.ru", "is_staff": false, "is_active": true, "date_joined": "2024-04-30T09:16:57.655Z", "username": "test199", "first_name": "test199", "last_name": "test199", "avatar": "User-avatar.svg.png", "groups": [], "user_permissions": []}}, {"model": "users.users", "pk": 205, "fields": {"password": "pbkdf2_sha256$600000$y4FG7VnAdvNuIJNeDRLXJS$evYMoZVwjMU3vhqzVZXk7IIyWt4aNbHMQ1t5VnAx9TQ=", "last_login": null, "is_superuser": false, "email": "test200@mail.ru", "is_staff": false, "is_active": true, "date_joined": "2024-04-30T09:16:58.198Z", "username": "test200", "first_name": "test200", "last_name": "test200", "avatar": "User-avatar.svg.png", "groups": [], "user_permissions": []}}, {"model": "users.users", "pk": 206, "fields": {"password": "pbkdf2_sha256$600000$ZALUGsNQXtVo1IboxrliMW$Xg6zigheHdlBW2l/r9ecnOFPJK1wJLlVq/+oTIlfC8E=", "last_login": null, "is_superuser": false, "email": "sdadsadsa@sdasad.ry", "is_staff": false, "is_active": true, "date_joined": "2024-05-18T19:35:48.608Z", "username": "sadsad", "first_name": "sdadsasda", "last_name": "sdadsasa", "avatar": "User-avatar.svg.png", "groups": [], "user_permissions": []}}, {"model": "users.userprofile", "pk": 1, "fields": {"user": 4, "small_info": null}}, {"model": "users.userprofile", "pk": 2, "fields": {"user": 5, "small_info": null}}, {"model": "users.userprofile", "pk": 3, "fields": {"user": 6, "small_info": null}}, {"model": "users.userprofile", "pk": 4, "fields": {"user": 8, "small_info": null}}, {"model": "users.userprofile", "pk": 5, "fields": {"user": 9, "small_info": null}}, {"model": "users.userprofile", "pk": 6, "fields": {"user": 10, "small_info": null}}, {"model": "users.userprofile", "pk": 7, "fields": {"user": 11, "small_info": null}}, {"model": "users.userprofile", "pk": 8, "fields": {"user": 12, "small_info": null}}, {"model": "users.userprofile", "pk": 9, "fields": {"user": 13, "small_info": null}}, {"model": "users.userprofile", "pk": 10, "fields": {"user": 14, "small_info": null}}, {"model": "users.userprofile", "pk": 11, "fields": {"user": 15, "small_info": null}}, {"model": "users.userprofile", "pk": 12, "fields": {"user": 16, "small_info": null}}, {"model": "users.userprofile", "pk": 13, "fields": {"user": 17, "small_info": null}}, {"model": "users.userprofile", "pk": 14, "fields": {"user": 18, "small_info": null}}, {"model": "users.userprofile", "pk": 15, "fields": {"user": 19, "small_info": null}}, {"model": "users.userprofile", "pk": 16, "fields": {"user": 20, "small_info": null}}, {"model": "users.userprofile", "pk": 17, "fields": {"user": 21, "small_info": null}}, {"model": "users.userprofile", "pk": 18, "fields": {"user": 22, "small_info": null}}, {"model": "users.userprofile", "pk": 19, "fields": {"user": 23, "small_info": null}}, {"model": "users.userprofile", "pk": 20, "fields": {"user": 24, "small_info": null}}, {"model": "users.userprofile", "pk": 21, "fields": {"user": 25, "small_info": null}}, {"model": "users.userprofile", "pk": 22, "fields": {"user": 26, "small_info": null}}, {"model": "users.userprofile", "pk": 23, "fields": {"user": 27, "small_info": null}}, {"model": "users.userprofile", "pk": 24, "fields": {"user": 28, "small_info": null}}, {"model": "users.userprofile", "pk": 25, "fields": {"user": 29, "small_info": null}}, {"model": "users.userprofile", "pk": 26, "fields": {"user": 30, "small_info": null}}, {"model": "users.userprofile", "pk": 27, "fields": {"user": 31, "small_info": null}}, {"model": "users.userprofile", "pk": 28, "fields": {"user": 32, "small_info": null}}, {"model": "users.userprofile", "pk": 29, "fields": {"user": 33, "small_info": null}}, {"model": "users.userprofile", "pk": 30, "fields": {"user": 34, "small_info": null}}, {"model": "users.userprofile", "pk": 31, "fields": {"user": 35, "small_info": null}}, {"model": "users.userprofile", "pk": 32, "fields": {"user": 36, "small_info": null}}, {"model": "users.userprofile", "pk": 33, "fields": {"user": 37, "small_info": null}}, {"model": "users.userprofile", "pk": 34, "fields": {"user": 38, "small_info": null}}, {"model": "users.userprofile", "pk": 35, "fields": {"user": 39, "small_info": null}}, {"model": "users.userprofile", "pk": 36, "fields": {"user": 40, "small_info": null}}, {"model": "users.userprofile", "pk": 37, "fields": {"user": 41, "small_info": null}}, {"model": "users.userprofile", "pk": 38, "fields": {"user": 42, "small_info": null}}, {"model": "users.userprofile", "pk": 39, "fields": {"user": 43, "small_info": null}}, {"model": "users.userprofile", "pk": 40, "fields": {"user": 44, "small_info": null}}, {"model": "users.userprofile", "pk": 41, "fields": {"user": 45, "small_info": null}}, {"model": "users.userprofile", "pk": 42, "fields": {"user": 46, "small_info": null}}, {"model": "users.userprofile", "pk": 43, "fields": {"user": 47, "small_info": null}}, {"model": "users.userprofile", "pk": 44, "fields": {"user": 48, "small_info": null}}, {"model": "users.userprofile", "pk": 45, "fields": {"user": 49, "small_info": null}}, {"model": "users.userprofile", "pk": 46, "fields": {"user": 50, "small_info": null}}, {"model": "users.userprofile", "pk": 47, "fields": {"user": 51, "small_info": null}}, {"model": "users.userprofile", "pk": 48, "fields": {"user": 52, "small_info": null}}, {"model": "users.userprofile", "pk": 49, "fields": {"user": 53, "small_info": null}}, {"model": "users.userprofile", "pk": 50, "fields": {"user": 54, "small_info": null}}, {"model": "users.userprofile", "pk": 51, "fields": {"user": 55, "small_info": null}}, {"model": "users.userprofile", "pk": 52, "fields": {"user": 56, "small_info": null}}, {"model": "users.userprofile", "pk": 53, "fields": {"user": 57, "small_info": null}}, {"model": "users.userprofile", "pk": 54, "fields": {"user": 58, "small_info": null}}, {"model": "users.userprofile", "pk": 55, "fields": {"user": 59, "small_info": null}}, {"model": "users.userprofile", "pk": 56, "fields": {"user": 60, "small_info": null}}, {"model": "users.userprofile", "pk": 57, "fields": {"user": 61, "small_info": null}}, {"model": "users.userprofile", "pk": 58, "fields": {"user": 62, "small_info": null}}, {"model": "users.userprofile", "pk": 59, "fields": {"user": 63, "small_info": null}}, {"model": "users.userprofile", "pk": 60, "fields": {"user": 64, "small_info": null}}, {"model": "users.userprofile", "pk": 61, "fields": {"user": 65, "small_info": null}}, {"model": "users.userprofile", "pk": 62, "fields": {"user": 66, "small_info": null}}, {"model": "users.userprofile", "pk": 63, "fields": {"user": 67, "small_info": null}}, {"model": "users.userprofile", "pk": 64, "fields": {"user": 68, "small_info": null}}, {"model": "users.userprofile", "pk": 65, "fields": {"user": 69, "small_info": null}}, {"model": "users.userprofile", "pk": 66, "fields": {"user": 70, "small_info": null}}, {"model": "users.userprofile", "pk": 67, "fields": {"user": 71, "small_info": null}}, {"model": "users.userprofile", "pk": 68, "fields": {"user": 72, "small_info": null}}, {"model": "users.userprofile", "pk": 69, "fields": {"user": 73, "small_info": null}}, {"model": "users.userprofile", "pk": 70, "fields": {"user": 74, "small_info": null}}, {"model": "users.userprofile", "pk": 71, "fields": {"user": 75, "small_info": null}}, {"model": "users.userprofile", "pk": 72, "fields": {"user": 76, "small_info": null}}, {"model": "users.userprofile", "pk": 73, "fields": {"user": 77, "small_info": null}}, {"model": "users.userprofile", "pk": 74, "fields": {"user": 78, "small_info": null}}, {"model": "users.userprofile", "pk": 75, "fields": {"user": 79, "small_info": null}}, {"model": "users.userprofile", "pk": 76, "fields": {"user": 80, "small_info": null}}, {"model": "users.userprofile", "pk": 77, "fields": {"user": 81, "small_info": null}}, {"model": "users.userprofile", "pk": 78, "fields": {"user": 82, "small_info": null}}, {"model": "users.userprofile", "pk": 79, "fields": {"user": 83, "small_info": null}}, {"model": "users.userprofile", "pk": 80, "fields": {"user": 84, "small_info": null}}, {"model": "users.userprofile", "pk": 81, "fields": {"user": 85, "small_info": null}}, {"model": "users.userprofile", "pk": 82, "fields": {"user": 86, "small_info": null}}, {"model": "users.userprofile", "pk": 83, "fields": {"user": 87, "small_info": null}}, {"model": "users.userprofile", "pk": 84, "fields": {"user": 88, "small_info": null}}, {"model": "users.userprofile", "pk": 85, "fields": {"user": 89, "small_info": null}}, {"model": "users.userprofile", "pk": 86, "fields": {"user": 90, "small_info": null}}, {"model": "users.userprofile", "pk": 87, "fields": {"user": 91, "small_info": null}}, {"model": "users.userprofile", "pk": 88, "fields": {"user": 92, "small_info": null}}, {"model": "users.userprofile", "pk": 89, "fields": {"user": 93, "small_info": null}}, {"model": "users.userprofile", "pk": 90, "fields": {"user": 94, "small_info": null}}, {"model": "users.userprofile", "pk": 91, "fields": {"user": 95, "small_info": null}}, {"model": "users.userprofile", "pk": 92, "fields": {"user": 96, "small_info": null}}, {"model": "users.userprofile", "pk": 93, "fields": {"user": 97, "small_info": null}}, {"model": "users.userprofile", "pk": 94, "fields": {"user": 98, "small_info": null}}, {"model": "users.userprofile", "pk": 95, "fields": {"user": 99, "small_info": null}}, {"model": "users.userprofile", "pk": 96, "fields": {"user": 100, "small_info": null}}, {"model": "users.userprofile", "pk": 97, "fields": {"user": 101, "small_info": null}}, {"model": "users.userprofile", "pk": 98, "fields": {"user": 102, "small_info": null}}, {"model": "users.userprofile", "pk": 99, "fields": {"user": 103, "small_info": null}}, {"model": "users.userprofile", "pk": 100, "fields": {"user": 104, "small_info": null}}, {"model": "users.userprofile", "pk": 101, "fields": {"user": 105, "small_info": null}}, {"model": "users.userprofile", "pk": 102, "fields": {"user": 106, "small_info": null}}, {"model": "users.userprofile", "pk": 103, "fields": {"user": 107, "small_info": null}}, {"model": "users.userprofile", "pk": 104, "fields": {"user": 108, "small_info": null}}, {"model": "users.userprofile", "pk": 105, "fields": {"user": 109, "small_info": null}}, {"model": "users.userprofile", "pk": 106, "fields": {"user": 110, "small_info": null}}, {"model": "users.userprofile", "pk": 107, "fields": {"user": 111, "small_info": null}}, {"model": "users.userprofile", "pk": 108, "fields": {"user": 112, "small_info": null}}, {"model": "users.userprofile", "pk": 109, "fields": {"user": 113, "small_info": null}}, {"model": "users.userprofile", "pk": 110, "fields": {"user": 114, "small_info": null}}, {"model": "users.userprofile", "pk": 111, "fields": {"user": 115, "small_info": null}}, {"model": "users.userprofile", "pk": 112, "fields": {"user": 116, "small_info": null}}, {"model": "users.userprofile", "pk": 113, "fields": {"user": 117, "small_info": null}}, {"model": "users.userprofile", "pk": 114, "fields": {"user": 118, "small_info": null}}, {"model": "users.userprofile", "pk": 115, "fields": {"user": 119, "small_info": null}}, {"model": "users.userprofile", "pk": 116, "fields": {"user": 120, "small_info": null}}, {"model": "users.userprofile", "pk": 117, "fields": {"user": 121, "small_info": null}}, {"model": "users.userprofile", "pk": 118, "fields": {"user": 122, "small_info": null}}, {"model": "users.userprofile", "pk": 119, "fields": {"user": 123, "small_info": null}}, {"model": "users.userprofile", "pk": 120, "fields": {"user": 124, "small_info": null}}, {"model": "users.userprofile", "pk": 121, "fields": {"user": 125, "small_info": null}}, {"model": "users.userprofile", "pk": 122, "fields": {"user": 126, "small_info": null}}, {"model": "users.userprofile", "pk": 123, "fields": {"user": 127, "small_info": null}}, {"model": "users.userprofile", "pk": 124, "fields": {"user": 128, "small_info": null}}, {"model": "users.userprofile", "pk": 125, "fields": {"user": 129, "small_info": null}}, {"model": "users.userprofile", "pk": 126, "fields": {"user": 130, "small_info": null}}, {"model": "users.userprofile", "pk": 127, "fields": {"user": 131, "small_info": null}}, {"model": "users.userprofile", "pk": 128, "fields": {"user": 132, "small_info": null}}, {"model": "users.userprofile", "pk": 129, "fields": {"user": 133, "small_info": null}}, {"model": "users.userprofile", "pk": 130, "fields": {"user": 134, "small_info": null}}, {"model": "users.userprofile", "pk": 131, "fields": {"user": 135, "small_info": null}}, {"model": "users.userprofile", "pk": 132, "fields": {"user": 136, "small_info": null}}, {"model": "users.userprofile", "pk": 133, "fields": {"user": 137, "small_info": null}}, {"model": "users.userprofile", "pk": 134, "fields": {"user": 138, "small_info": null}}, {"model": "users.userprofile", "pk": 135, "fields": {"user": 139, "small_info": null}}, {"model": "users.userprofile", "pk": 136, "fields": {"user": 140, "small_info": null}}, {"model": "users.userprofile", "pk": 137, "fields": {"user": 141, "small_info": null}}, {"model": "users.userprofile", "pk": 138, "fields": {"user": 142, "small_info": null}}, {"model": "users.userprofile", "pk": 139, "fields": {"user": 143, "small_info": null}}, {"model": "users.userprofile", "pk": 140, "fields": {"user": 144, "small_info": null}}, {"model": "users.userprofile", "pk": 141, "fields": {"user": 145, "small_info": null}}, {"model": "users.userprofile", "pk": 142, "fields": {"user": 146, "small_info": null}}, {"model": "users.userprofile", "pk": 143, "fields": {"user": 147, "small_info": null}}, {"model": "users.userprofile", "pk": 144, "fields": {"user": 148, "small_info": null}}, {"model": "users.userprofile", "pk": 145, "fields": {"user": 149, "small_info": null}}, {"model": "users.userprofile", "pk": 146, "fields": {"user": 150, "small_info": null}}, {"model": "users.userprofile", "pk": 147, "fields": {"user": 151, "small_info": null}}, {"model": "users.userprofile", "pk": 148, "fields": {"user": 152, "small_info": null}}, {"model": "users.userprofile", "pk": 149, "fields": {"user": 153, "small_info": null}}, {"model": "users.userprofile", "pk": 150, "fields": {"user": 154, "small_info": null}}, {"model": "users.userprofile", "pk": 151, "fields": {"user": 155, "small_info": null}}, {"model": "users.userprofile", "pk": 152, "fields": {"user": 156, "small_info": null}}, {"model": "users.userprofile", "pk": 153, "fields": {"user": 157, "small_info": null}}, {"model": "users.userprofile", "pk": 154, "fields": {"user": 158, "small_info": null}}, {"model": "users.userprofile", "pk": 155, "fields": {"user": 159, "small_info": null}}, {"model": "users.userprofile", "pk": 156, "fields": {"user": 160, "small_info": null}}, {"model": "users.userprofile", "pk": 157, "fields": {"user": 161, "small_info": null}}, {"model": "users.userprofile", "pk": 158, "fields": {"user": 162, "small_info": null}}, {"model": "users.userprofile", "pk": 159, "fields": {"user": 163, "small_info": null}}, {"model": "users.userprofile", "pk": 160, "fields": {"user": 164, "small_info": null}}, {"model": "users.userprofile", "pk": 161, "fields": {"user": 165, "small_info": null}}, {"model": "users.userprofile", "pk": 162, "fields": {"user": 166, "small_info": null}}, {"model": "users.userprofile", "pk": 163, "fields": {"user": 167, "small_info": null}}, {"model": "users.userprofile", "pk": 164, "fields": {"user": 168, "small_info": null}}, {"model": "users.userprofile", "pk": 165, "fields": {"user": 169, "small_info": null}}, {"model": "users.userprofile", "pk": 166, "fields": {"user": 170, "small_info": null}}, {"model": "users.userprofile", "pk": 167, "fields": {"user": 171, "small_info": null}}, {"model": "users.userprofile", "pk": 168, "fields": {"user": 172, "small_info": null}}, {"model": "users.userprofile", "pk": 169, "fields": {"user": 173, "small_info": null}}, {"model": "users.userprofile", "pk": 170, "fields": {"user": 174, "small_info": null}}, {"model": "users.userprofile", "pk": 171, "fields": {"user": 175, "small_info": null}}, {"model": "users.userprofile", "pk": 172, "fields": {"user": 176, "small_info": null}}, {"model": "users.userprofile", "pk": 173, "fields": {"user": 177, "small_info": null}}, {"model": "users.userprofile", "pk": 174, "fields": {"user": 178, "small_info": null}}, {"model": "users.userprofile", "pk": 175, "fields": {"user": 179, "small_info": null}}, {"model": "users.userprofile", "pk": 176, "fields": {"user": 180, "small_info": null}}, {"model": "users.userprofile", "pk": 177, "fields": {"user": 181, "small_info": null}}, {"model": "users.userprofile", "pk": 178, "fields": {"user": 182, "small_info": null}}, {"model": "users.userprofile", "pk": 179, "fields": {"user": 183, "small_info": null}}, {"model": "users.userprofile", "pk": 180, "fields": {"user": 184, "small_info": null}}, {"model": "users.userprofile", "pk": 181, "fields": {"user": 185, "small_info": null}}, {"model": "users.userprofile", "pk": 182, "fields": {"user": 186, "small_info": null}}, {"model": "users.userprofile", "pk": 183, "fields": {"user": 187, "small_info": null}}, {"model": "users.userprofile", "pk": 184, "fields": {"user": 188, "small_info": null}}, {"model": "users.userprofile", "pk": 185, "fields": {"user": 189, "small_info": null}}, {"model": "users.userprofile", "pk": 186, "fields": {"user": 190, "small_info": null}}, {"model": "users.userprofile", "pk": 187, "fields": {"user": 191, "small_info": null}}, {"model": "users.userprofile", "pk": 188, "fields": {"user": 192, "small_info": null}}, {"model": "users.userprofile", "pk": 189, "fields": {"user": 193, "small_info": null}}, {"model": "users.userprofile", "pk": 190, "fields": {"user": 194, "small_info": null}}, {"model": "users.userprofile", "pk": 191, "fields": {"user": 195, "small_info": null}}, {"model": "users.userprofile", "pk": 192, "fields": {"user": 196, "small_info": null}}, {"model": "users.userprofile", "pk": 193, "fields": {"user": 197, "small_info": null}}, {"model": "users.userprofile", "pk": 194, "fields": {"user": 198, "small_info": null}}, {"model": "users.userprofile", "pk": 195, "fields": {"user": 199, "small_info": null}}, {"model": "users.userprofile", "pk": 196, "fields": {"user": 200, "small_info": null}}, {"model": "users.userprofile", "pk": 197, "fields": {"user": 201, "small_info": null}}, {"model": "users.userprofile", "pk": 198, "fields": {"user": 202, "small_info": null}}, {"model": "users.userprofile", "pk": 199, "fields": {"user": 203, "small_info": null}}, {"model": "users.userprofile", "pk": 200, "fields": {"user": 204, "small_info": null}}, {"model": "users.userprofile", "pk": 201, "fields": {"user": 205, "small_info": null}}, {"model": "users.userprofile", "pk": 202, "fields": {"user": 206, "small_info": null}}, {"model": "users.friendship", "pk": 1, "fields": {"from_user": 4, "to_user": 5, "status": "accepted"}}, {"model": "users.friendship", "pk": 2, "fields": {"from_user": 8, "to_user": 5, "status": "accepted"}}, {"model": "users.friendship", "pk": 3, "fields": {"from_user": 8, "to_user": 4, "status": "accepted"}}, {"model": "users.friendship", "pk": 4, "fields": {"from_user": 8, "to_user": 6, "status": "accepted"}}, {"model": "users.friendship", "pk": 5, "fields": {"from_user": 8, "to_user": 10, "status": "pending"}}, {"model": "users.friendship", "pk": 6, "fields": {"from_user": 10, "to_user": 8, "status": "accepted"}}, {"model": "users.friendship", "pk": 7, "fields": {"from_user": 10, "to_user": 5, "status": "pending"}}, {"model": "users.friendship", "pk": 8, "fields": {"from_user": 12, "to_user": 13, "status": "pending"}}, {"model": "users.friendship", "pk": 9, "fields": {"from_user": 14, "to_user": 15, "status": "pending"}}, {"model": "users.friendship", "pk": 10, "fields": {"from_user": 105, "to_user": 8, "status": "accepted"}}, {"model": "users.friendship", "pk": 11, "fields": {"from_user": 106, "to_user": 107, "status": "pending"}}, {"model": "users.friendship", "pk": 12, "fields": {"from_user": 106, "to_user": 5, "status": "pending"}}, {"model": "users.friendship", "pk": 13, "fields": {"from_user": 106, "to_user": 108, "status": "pending"}}, {"model": "users.friendship", "pk": 14, "fields": {"from_user": 106, "to_user": 109, "status": "pending"}}, {"model": "users.friendship", "pk": 15, "fields": {"from_user": 109, "to_user": 106, "status": "pending"}}, {"model": "users.friendship", "pk": 16, "fields": {"from_user": 115, "to_user": 114, "status": "accepted"}}, {"model": "users.friendship", "pk": 17, "fields": {"from_user": 4, "to_user": 8, "status": "accepted"}}, {"model": "users.friendship", "pk": 18, "fields": {"from_user": 8, "to_user": 106, "status": "accepted"}}, {"model": "users.friendship", "pk": 19, "fields": {"from_user": 8, "to_user": 107, "status": "accepted"}}, {"model": "users.friendship", "pk": 20, "fields": {"from_user": 8, "to_user": 108, "status": "accepted"}}, {"model": "users.friendship", "pk": 21, "fields": {"from_user": 8, "to_user": 109, "status": "accepted"}}, {"model": "users.friendship", "pk": 22, "fields": {"from_user": 8, "to_user": 110, "status": "pending"}}, {"model": "users.friendship", "pk": 23, "fields": {"from_user": 8, "to_user": 111, "status": "pending"}}, {"model": "users.friendship", "pk": 24, "fields": {"from_user": 108, "to_user": 109, "status": "pending"}}, {"model": "users.friendship", "pk": 25, "fields": {"from_user": 117, "to_user": 8, "status": "accepted"}}, {"model": "users.friendship", "pk": 26, "fields": {"from_user": 8, "to_user": 120, "status": "accepted"}}, {"model": "users.friendship", "pk": 27, "fields": {"from_user": 8, "to_user": 121, "status": "accepted"}}, {"model": "users.friendship", "pk": 28, "fields": {"from_user": 8, "to_user": 122, "status": "accepted"}}, {"model": "users.friendship", "pk": 29, "fields": {"from_user": 8, "to_user": 123, "status": "accepted"}}, {"model": "users.friendship", "pk": 30, "fields": {"from_user": 8, "to_user": 124, "status": "pending"}}, {"model": "users.friendship", "pk": 31, "fields": {"from_user": 125, "to_user": 8, "status": "accepted"}}, {"model": "users.friendship", "pk": 32, "fields": {"from_user": 8, "to_user": 155, "status": "accepted"}}, {"model": "users.friendship", "pk": 33, "fields": {"from_user": 183, "to_user": 8, "status": "accepted"}}, {"model": "users.friendship", "pk": 34, "fields": {"from_user": 106, "to_user": 4, "status": "accepted"}}, {"model": "users.useractivity", "pk": 1, "fields": {"user": 4, "last_activity": "2024-06-03T11:19:56.570Z", "is_online": false}}, {"model": "users.useractivity", "pk": 2, "fields": {"user": 5, "last_activity": "2024-06-05T20:26:11.077Z", "is_online": false}}, {"model": "users.useractivity", "pk": 3, "fields": {"user": 8, "last_activity": "2024-06-11T17:51:23.963Z", "is_online": true}}, {"model": "users.useractivity", "pk": 4, "fields": {"user": 10, "last_activity": "2024-05-27T07:17:39.915Z", "is_online": false}}, {"model": "users.useractivity", "pk": 5, "fields": {"user": 6, "last_activity": "2024-05-27T07:31:21.751Z", "is_online": false}}, {"model": "photos.photo", "pk": 3, "fields": {"user": 8, "photo": "users_photos/devushka_profil_vzgliad_1170482_1680x1050.jpg", "created_at": "2024-05-01T15:28:19.050Z"}}, {"model": "photos.photo", "pk": 7, "fields": {"user": 8, "photo": "users_photos/1356925.png", "created_at": "2024-05-01T15:52:43.879Z"}}, {"model": "photos.photo", "pk": 8, "fields": {"user": 8, "photo": "users_photos/1617680632_45-p-devochka-demon-art-kartinki-46.jpg", "created_at": "2024-05-01T15:52:52.600Z"}}, {"model": "photos.photo", "pk": 9, "fields": {"user": 8, "photo": "users_photos/Orange-colored-cat-yawns-displaying-teeth.webp", "created_at": "2024-05-01T16:14:34.094Z"}}, {"model": "photos.photo", "pk": 10, "fields": {"user": 8, "photo": "users_photos/devushka_luna_more_1108800_1920x1080.jpg", "created_at": "2024-05-01T16:20:25.636Z"}}, {"model": "photos.photo", "pk": 14, "fields": {"user": 4, "photo": "users_photos/Sample_User_Icon_vQbMure.png", "created_at": "2024-05-01T16:53:34.999Z"}}, {"model": "audios.audio", "pk": 1, "fields": {"title": "Lalilap", "author": "pharaoH", "audio_file": "audio_files/PharaoH_-_.mp3"}}, {"model": "audios.audio", "pk": 2, "fields": {"title": "Black Siemens", "author": "PHARAOh", "audio_file": "audio_files/PharaoH_-______.mp3"}}, {"model": "audios.audio", "pk": 3, "fields": {"title": "", "author": "inuqe", "audio_file": "audio_files/uniqe-nkeeei-artem-shilovets-tancpol-mp3.mp3"}}, {"model": "audios.audio", "pk": 4, "fields": {"title": "", "author": "Wallew", "audio_file": "audio_files/wallem-harizma-mp3.mp3"}}, {"model": "audios.audio", "pk": 5, "fields": {"title": "", "author": "AYYO & ", "audio_file": "audio_files/AYYO__-_.mp3"}}, {"model": "audios.useraudio", "pk": 2, "fields": {"audio": 2, "user": 5}}, {"model": "audios.useraudio", "pk": 5, "fields": {"audio": 4, "user": 8}}, {"model": "audios.useraudio", "pk": 6, "fields": {"audio": 5, "user": 8}}, {"model": "posts.post", "pk": 2, "fields": {"user": 8, "text": "some post", "image": "post_images/rick_morty.jpg", "created_at": "2024-05-13T11:19:16.629Z", "likes": []}}, {"model": "posts.post", "pk": 3, "fields": {"user": 8, "text": "Lorem ipsum dolor sit amet consectetur, adipisicing elit. Consequuntur praesentium, molestias incidunt numquam consequatur ipsam distinctio ad modi nihil officia cum animi rerum beatae officiis quibusdam velit error. Provident, dolores?", "image": "post_images/devushka_luna_more_1108800_1920x1080.jpg", "created_at": "2024-05-13T11:36:18.444Z", "likes": []}}, {"model": "posts.post", "pk": 9, "fields": {"user": 4, "text": "Lorem ipsum dolor, sit amet consectetur adipisicing elit. Nisi corporis eveniet corrupti blanditiis eligendi, saepe reprehenderit mollitia temporibus molestias at magnam, deserunt necessitatibus laudantium ex voluptatum eos quaerat veritatis. Enim!", "image": "", "created_at": "2024-05-13T15:24:20.869Z", "likes": []}}, {"model": "posts.post", "pk": 10, "fields": {"user": 4, "text": "Lorem ipsum dolor, sit amet consectetur adipisicing elit. Nisi corporis eveniet corrupti blanditiis eligendi, saepe reprehenderit mollitia temporibus molestias at magnam, deserunt necessitatibus laudantium ex voluptatum eos quaerat veritatis. Enim!", "image": "post_images/1356925.png", "created_at": "2024-05-13T15:24:44.203Z", "likes": []}}, {"model": "posts.post", "pk": 11, "fields": {"user": 5, "text": "Lorem ipsum dolor sit amet, consectetur adipiscing elit, sed do eiusmod tempor incididunt ut labore et dolore magna aliqua. Ut enim ad minim veniam, quis nostrud exercitation ullamco laboris nisi ut aliquip ex ea commodo consequat. Duis aute irure dolor in reprehenderit in voluptate velit esse cillum dolore eu fugiat nulla pariatur. Excepteur sint occaecat cupidatat non proident, sunt in culpa qui officia deserunt mollit anim id est laborum.", "image": "post_images/1617680632_45-p-devochka-demon-art-kartinki-46.jpg", "created_at": "2024-05-14T16:32:46.368Z", "likes": []}}, {"model": "posts.post", "pk": 12, "fields": {"user": 5, "text": "Lorem ipsum dolor sit amet, consectetur adipiscing elit, sed do eiusmod tempor incididunt ut labore et dolore magna aliqua. Ut enim ad minim veniam, quis nostrud exercitation ullamco laboris nisi ut aliquip ex ea commodo consequat. Duis aute irure dolor in reprehenderit in voluptate velit esse cillum dolore eu fugiat nulla pariatur. Excepteur sint occaecat cupidatat non proident, sunt in culpa qui officia deserunt mollit anim id est laborum.", "image": "", "created_at": "2024-05-14T16:33:07.548Z", "likes": []}}, {"model": "posts.post", "pk": 13, "fields": {"user": 4, "text": "", "image": "post_images/dope-rick-and-morty-police-shot-ihnci879zzkxl1c2.webp", "created_at": "2024-05-15T19:07:18.977Z", "likes": []}}, {"model": "posts.post", "pk": 14, "fields": {"user": 8, "text": "", "image": "post_images/23.jpeg", "created_at": "2024-05-15T19:15:35.938Z", "likes": [8]}}, {"model": "posts.post", "pk": 15, "fields": {"user": 4, "text": "Crocubot. So, youre a cold, unfeeling reptile and also an equally cold, and unfeeling machine? Yes. So your origin is what? You fell in a vat of redundancy?", "image": "post_images/example1.webp", "created_at": "2024-05-16T17:20:26.686Z", "likes": []}}, {"model": "posts.post", "pk": 16, "fields": {"user": 4, "text": "Crocubot. So, youre a cold, unfeeling reptile and also an equally cold, and unfeeling machine? Yes. So your origin is what? You fell in a vat of redundancy?", "image": "post_images/example1.webp", "created_at": "2024-05-16T17:21:23.841Z", "likes": []}}, {"model": "posts.post", "pk": 17, "fields": {"user": 4, "text": "Crocubot. So, youre a cold, unfeeling reptile and also an equally cold, and unfeeling machine? Yes. So your origin is what? You fell in a vat of redundancy?", "image": "post_images/example1.webp", "created_at": "2024-05-16T17:21:23.950Z", "likes": []}}, {"model": "posts.post", "pk": 18, "fields": {"user": 4, "text": "Crocubot. So, youre a cold, unfeeling reptile and also an equally cold, and unfeeling machine? Yes. So your origin is what? You fell in a vat of redundancy?", "image": "post_images/example1.webp", "created_at": "2024-05-16T17:21:24.050Z", "likes": []}}, {"model": "posts.post", "pk": 19, "fields": {"user": 4, "text": "Crocubot. So, youre a cold, unfeeling reptile and also an equally cold, and unfeeling machine? Yes. So your origin is what? You fell in a vat of redundancy?", "image": "post_images/example1.webp", "created_at": "2024-05-16T17:21:44.765Z", "likes": []}}, {"model": "posts.post", "pk": 20, "fields": {"user": 4, "text": "Crocubot. So, youre a cold, unfeeling reptile and also an equally cold, and unfeeling machine? Yes. So your origin is what? You fell in a vat of redundancy?", "image": "post_images/example2.webp", "created_at": "2024-05-16T17:21:44.873Z", "likes": []}}, {"model": "posts.post", "pk": 21, "fields": {"user": 4, "text": "Crocubot. So, youre a cold, unfeeling reptile and also an equally cold, and unfeeling machine? Yes. So your origin is what? You fell in a vat of redundancy?", "image": "post_images/example3.webp", "created_at": "2024-05-16T17:21:44.981Z", "likes": []}}, {"model": "posts.post", "pk": 22, "fields": {"user": 4, "text": "Crocubot. So, youre a cold, unfeeling reptile and also an equally cold, and unfeeling machine? Yes. So your origin is what? You fell in a vat of redundancy?", "image": "post_images/example1.webp", "created_at": "2024-05-16T17:27:31.497Z", "likes": []}}, {"model": "posts.post", "pk": 23, "fields": {"user": 4, "text": "Crocubot. So, youre a cold, unfeeling reptile and also an equally cold, and unfeeling machine? Yes. So your origin is what? You fell in a vat of redundancy?", "image": "post_images/example2.webp", "created_at": "2024-05-16T17:27:31.594Z", "likes": []}}, {"model": "posts.post", "pk": 24, "fields": {"user": 4, "text": "Crocubot. So, youre a cold, unfeeling reptile and also an equally cold, and unfeeling machine? Yes. So your origin is what? You fell in a vat of redundancy?", "image": "post_images/example3.webp", "created_at": "2024-05-16T17:27:31.750Z", "likes": []}}, {"model": "posts.post", "pk": 25, "fields": {"user": 4, "text": "Crocubot. So, youre a cold, unfeeling reptile and also an equally cold, and unfeeling machine? Yes. So your origin is what? You fell in a vat of redundancy?", "image": "post_images/example1.webp", "created_at": "2024-05-16T17:27:32.527Z", "likes": []}}, {"model": "posts.post", "pk": 26, "fields": {"user": 4, "text": "Crocubot. So, youre a cold, unfeeling reptile and also an equally cold, and unfeeling machine? Yes. So your origin is what? You fell in a vat of redundancy?", "image": "post_images/example2.webp", "created_at": "2024-05-16T17:27:32.620Z", "likes": []}}, {"model": "posts.post", "pk": 27, "fields": {"user": 4, "text": "Crocubot. So, youre a cold, unfeeling reptile and also an equally cold, and unfeeling machine? Yes. So your origin is what? You fell in a vat of redundancy?", "image": "post_images/example3.webp", "created_at": "2024-05-16T17:27:32.720Z", "likes": []}}, {"model": "posts.post", "pk": 28, "fields": {"user": 4, "text": "Crocubot. So, youre a cold, unfeeling reptile and also an equally cold, and unfeeling machine? Yes. So your origin is what? You fell in a vat of redundancy?", "image": "post_images/example1.webp", "created_at": "2024-05-16T17:27:33.375Z", "likes": []}}, {"model": "posts.post", "pk": 29, "fields": {"user": 4, "text": "Crocubot. So, youre a cold, unfeeling reptile and also an equally cold, and unfeeling machine? Yes. So your origin is what? You fell in a vat of redundancy?", "image": "post_images/example2.webp", "created_at": "2024-05-16T17:27:33.462Z", "likes": []}}, {"model": "posts.post", "pk": 30, "fields": {"user": 4, "text": "Crocubot. So, youre a cold, unfeeling reptile and also an equally cold, and unfeeling machine? Yes. So your origin is what? You fell in a vat of redundancy?", "image": "post_images/example3.webp", "created_at": "2024-05-16T17:27:33.553Z", "likes": []}}, {"model": "posts.post", "pk": 31, "fields": {"user": 4, "text": "Crocubot. So, youre a cold, unfeeling reptile and also an equally cold, and unfeeling machine? Yes. So your origin is what? You fell in a vat of redundancy?", "image": "post_images/example1.webp", "created_at": "2024-05-16T17:27:34.043Z", "likes": []}}, {"model": "posts.post", "pk": 32, "fields": {"user": 4, "text": "Crocubot. So, youre a cold, unfeeling reptile and also an equally cold, and unfeeling machine? Yes. So your origin is what? You fell in a vat of redundancy?", "image": "post_images/example2.webp", "created_at": "2024-05-16T17:27:34.138Z", "likes": []}}, {"model": "posts.post", "pk": 33, "fields": {"user": 4, "text": "Crocubot. So, youre a cold, unfeeling reptile and also an equally cold, and unfeeling machine? Yes. So your origin is what? You fell in a vat of redundancy?", "image": "post_images/example3.webp", "created_at": "2024-05-16T17:27:34.237Z", "likes": []}}, {"model": "posts.post", "pk": 34, "fields": {"user": 4, "text": "Crocubot. So, youre a cold, unfeeling reptile and also an equally cold, and unfeeling machine? Yes. So your origin is what? You fell in a vat of redundancy?", "image": "post_images/example1.webp", "created_at": "2024-05-16T17:27:34.863Z", "likes": []}}, {"model": "posts.post", "pk": 35, "fields": {"user": 4, "text": "Crocubot. So, youre a cold, unfeeling reptile and also an equally cold, and unfeeling machine? Yes. So your origin is what? You fell in a vat of redundancy?", "image": "post_images/example2.webp", "created_at": "2024-05-16T17:27:34.955Z", "likes": []}}, {"model": "posts.post", "pk": 36, "fields": {"user": 4, "text": "Crocubot. So, youre a cold, unfeeling reptile and also an equally cold, and unfeeling machine? Yes. So your origin is what? You fell in a vat of redundancy?", "image": "post_images/example3.webp", "created_at": "2024-05-16T17:27:35.063Z", "likes": []}}, {"model": "posts.post", "pk": 37, "fields": {"user": 4, "text": "Crocubot. So, youre a cold, unfeeling reptile and also an equally cold, and unfeeling machine? Yes. So your origin is what? You fell in a vat of redundancy?", "image": "post_images/example1.webp", "created_at": "2024-05-16T17:27:49.730Z", "likes": []}}, {"model": "posts.post", "pk": 38, "fields": {"user": 4, "text": "Crocubot. So, youre a cold, unfeeling reptile and also an equally cold, and unfeeling machine? Yes. So your origin is what? You fell in a vat of redundancy?", "image": "post_images/example2.webp", "created_at": "2024-05-16T17:27:49.883Z", "likes": []}}, {"model": "posts.post", "pk": 39, "fields": {"user": 4, "text": "Crocubot. So, youre a cold, unfeeling reptile and also an equally cold, and unfeeling machine? Yes. So your origin is what? You fell in a vat of redundancy?", "image": "post_images/example3.webp", "created_at": "2024-05-16T17:27:49.975Z", "likes": []}}, {"model": "posts.post", "pk": 40, "fields": {"user": 4, "text": "Crocubot. So, youre a cold, unfeeling reptile and also an equally cold, and unfeeling machine? Yes. So your origin is what? You fell in a vat of redundancy?", "image": "post_images/example1.webp", "created_at": "2024-05-16T17:27:50.552Z", "likes": []}}, {"model": "posts.post", "pk": 41, "fields": {"user": 4, "text": "Crocubot. So, youre a cold, unfeeling reptile and also an equally cold, and unfeeling machine? Yes. So your origin is what? You fell in a vat of redundancy?", "image": "post_images/example2.webp", "created_at": "2024-05-16T17:27:50.667Z", "likes": []}}, {"model": "posts.post", "pk": 42, "fields": {"user": 4, "text": "Crocubot. So, youre a cold, unfeeling reptile and also an equally cold, and unfeeling machine? Yes. So your origin is what? You fell in a vat of redundancy?", "image": "post_images/example3.webp", "created_at": "2024-05-16T17:27:50.828Z", "likes": []}}, {"model": "posts.post", "pk": 43, "fields": {"user": 4, "text": "Crocubot. So, youre a cold, unfeeling reptile and also an equally cold, and unfeeling machine? Yes. So your origin is what? You fell in a vat of redundancy?", "image": "post_images/example1.webp", "created_at": "2024-05-16T17:27:50.957Z", "likes": []}}, {"model": "posts.post", "pk": 44, "fields": {"user": 4, "text": "Crocubot. So, youre a cold, unfeeling reptile and also an equally cold, and unfeeling machine? Yes. So your origin is what? You fell in a vat of redundancy?", "image": "post_images/example2.webp", "created_at": "2024-05-16T17:27:51.067Z", "likes": []}}, {"model": "posts.post", "pk": 45, "fields": {"user": 4, "text": "Crocubot. So, youre a cold, unfeeling reptile and also an equally cold, and unfeeling machine? Yes. So your origin is what? You fell in a vat of redundancy?", "image": "post_images/example3.webp", "created_at": "2024-05-16T17:27:51.176Z", "likes": []}}, {"model": "posts.post", "pk": 46, "fields": {"user": 4, "text": "Crocubot. So, youre a cold, unfeeling reptile and also an equally cold, and unfeeling machine? Yes. So your origin is what? You fell in a vat of redundancy?", "image": "post_images/example1.webp", "created_at": "2024-05-16T17:27:51.307Z", "likes": []}}, {"model": "posts.post", "pk": 47, "fields": {"user": 4, "text": "Crocubot. So, youre a cold, unfeeling reptile and also an equally cold, and unfeeling machine? Yes. So your origin is what? You fell in a vat of redundancy?", "image": "post_images/example2.webp", "created_at": "2024-05-16T17:27:51.409Z", "likes": []}}, {"model": "posts.post", "pk": 48, "fields": {"user": 4, "text": "Crocubot. So, youre a cold, unfeeling reptile and also an equally cold, and unfeeling machine? Yes. So your origin is what? You fell in a vat of redundancy?", "image": "post_images/example3.webp", "created_at": "2024-05-16T17:27:51.518Z", "likes": []}}, {"model": "posts.post", "pk": 49, "fields": {"user": 4, "text": "Crocubot. So, youre a cold, unfeeling reptile and also an equally cold, and unfeeling machine? Yes. So your origin is what? You fell in a vat of redundancy?", "image": "post_images/example1.webp", "created_at": "2024-05-16T17:27:51.307Z", "likes": []}}, {"model": "posts.post", "pk": 50, "fields": {"user": 4, "text": "Crocubot. So, youre a cold, unfeeling reptile and also an equally cold, and unfeeling machine? Yes. So your origin is what? You fell in a vat of redundancy?", "image": "post_images/example2.webp", "created_at": "2024-05-16T17:27:51.759Z", "likes": []}}, {"model": "posts.post", "pk": 51, "fields": {"user": 4, "text": "Crocubot. So, youre a cold, unfeeling reptile and also an equally cold, and unfeeling machine? Yes. So your origin is what? You fell in a vat of redundancy?", "image": "post_images/example3.webp", "created_at": "2024-05-16T17:27:51.868Z", "likes": []}}, {"model": "posts.post", "pk": 52, "fields": {"user": 4, "text": "Crocubot. So, youre a cold, unfeeling reptile and also an equally cold, and unfeeling machine? Yes. So your origin is what? You fell in a vat of redundancy?", "image": "post_images/example1.webp", "created_at": "2024-05-16T17:27:52.031Z", "likes": []}}, {"model": "posts.post", "pk": 53, "fields": {"user": 4, "text": "Crocubot. So, youre a cold, unfeeling reptile and also an equally cold, and unfeeling machine? Yes. So your origin is what? You fell in a vat of redundancy?", "image": "post_images/example2.webp", "created_at": "2024-05-16T17:27:52.126Z", "likes": []}}, {"model": "posts.post", "pk": 54, "fields": {"user": 4, "text": "Crocubot. So, youre a cold, unfeeling reptile and also an equally cold, and unfeeling machine? Yes. So your origin is what? You fell in a vat of redundancy?", "image": "post_images/example3.webp", "created_at": "2024-05-16T17:27:52.226Z", "likes": []}}, {"model": "posts.post", "pk": 55, "fields": {"user": 4, "text": "Crocubot. So, youre a cold, unfeeling reptile and also an equally cold, and unfeeling machine? Yes. So your origin is what? You fell in a vat of redundancy?", "image": "post_images/example1.webp", "created_at": "2024-05-16T17:27:52.035Z", "likes": []}}, {"model": "posts.post", "pk": 56, "fields": {"user": 4, "text": "Crocubot. So, youre a cold, unfeeling reptile and also an equally cold, and unfeeling machine? Yes. So your origin is what? You fell in a vat of redundancy?", "image": "post_images/example2.webp", "created_at": "2024-05-16T17:27:52.467Z", "likes": []}}, {"model": "posts.post", "pk": 57, "fields": {"user": 4, "text": "Crocubot. So, youre a cold, unfeeling reptile and also an equally cold, and unfeeling machine? Yes. So your origin is what? You fell in a vat of redundancy?", "image": "post_images/example3.webp", "created_at": "2024-05-16T17:27:52.567Z", "likes": []}}, {"model": "posts.post", "pk": 58, "fields": {"user": 4, "text": "Crocubot. So, youre a cold, unfeeling reptile and also an equally cold, and unfeeling machine? Yes. So your origin is what? You fell in a vat of redundancy?", "image": "post_images/example1.webp", "created_at": "2024-05-16T17:27:52.712Z", "likes": []}}, {"model": "posts.post", "pk": 59, "fields": {"user": 4, "text": "Crocubot. So, youre a cold, unfeeling reptile and also an equally cold, and unfeeling machine? Yes. So your origin is what? You fell in a vat of redundancy?", "image": "post_images/example2.webp", "created_at": "2024-05-16T17:27:52.817Z", "likes": []}}, {"model": "posts.post", "pk": 60, "fields": {"user": 4, "text": "Crocubot. So, youre a cold, unfeeling reptile and also an equally cold, and unfeeling machine? Yes. So your origin is what? You fell in a vat of redundancy?", "image": "post_images/example3.webp", "created_at": "2024-05-16T17:27:52.959Z", "likes": []}}, {"model": "posts.post", "pk": 61, "fields": {"user": 4, "text": "Crocubot. So, youre a cold, unfeeling reptile and also an equally cold, and unfeeling machine? Yes. So your origin is what? You fell in a vat of redundancy?", "image": "post_images/example1.webp", "created_at": "2024-05-16T17:27:53.095Z", "likes": []}}, {"model": "posts.post", "pk": 62, "fields": {"user": 4, "text": "Crocubot. So, youre a cold, unfeeling reptile and also an equally cold, and unfeeling machine? Yes. So your origin is what? You fell in a vat of redundancy?", "image": "post_images/example2.webp", "created_at": "2024-05-16T17:27:53.260Z", "likes": []}}, {"model": "posts.post", "pk": 63, "fields": {"user": 4, "text": "Crocubot. So, youre a cold, unfeeling reptile and also an equally cold, and unfeeling machine? Yes. So your origin is what? You fell in a vat of redundancy?", "image": "post_images/example3.webp", "created_at": "2024-05-16T17:27:53.476Z", "likes": []}}, {"model": "posts.post", "pk": 64, "fields": {"user": 4, "text": "Crocubot. So, youre a cold, unfeeling reptile and also an equally cold, and unfeeling machine? Yes. So your origin is what? You fell in a vat of redundancy?", "image": "post_images/example1.webp", "created_at": "2024-05-16T17:27:56.146Z", "likes": []}}, {"model": "posts.post", "pk": 65, "fields": {"user": 4, "text": "Crocubot. So, youre a cold, unfeeling reptile and also an equally cold, and unfeeling machine? Yes. So your origin is what? You fell in a vat of redundancy?", "image": "post_images/example2.webp", "created_at": "2024-05-16T17:27:56.277Z", "likes": []}}, {"model": "posts.post", "pk": 66, "fields": {"user": 4, "text": "Crocubot. So, youre a cold, unfeeling reptile and also an equally cold, and unfeeling machine? Yes. So your origin is what? You fell in a vat of redundancy?", "image": "post_images/example3.webp", "created_at": "2024-05-16T17:27:56.369Z", "likes": []}}, {"model": "posts.comment", "pk": 1, "fields": {"post": 14, "file": "", "user": 8, "text": "sadsda", "created_at": "2024-06-05T06:46:46.377Z"}}, {"model": "posts.comment", "pk": 2, "fields": {"post": 14, "file": "", "user": 8, "text": "Test comment", "created_at": "2024-06-05T08:55:41.142Z"}}, {"model": "posts.comment", "pk": 3, "fields": {"post": 14, "file": "", "user": 8, "text": "Test comment", "created_at": "2024-06-05T08:59:17.211Z"}}, {"model": "posts.comment", "pk": 4, "fields": {"post": 14, "file": "", "user": 8, "text": "Test comment", "created_at": "2024-06-05T08:59:53.135Z"}}, {"model": "posts.comment", "pk": 5, "fields": {"post": 14, "file": "", "user": 8, "text": "adssad", "created_at": "2024-06-05T09:00:16.292Z"}}, {"model": "posts.comment", "pk": 6, "fields": {"post": 3, "file": "", "user": 8, "text": "testcomm", "created_at": "2024-06-05T16:09:55.943Z"}}, {"model": "posts.comment", "pk": 7, "fields": {"post": 3, "file": "", "user": 8, "text": "asdads", "created_at": "2024-06-05T16:10:36.592Z"}}, {"model": "posts.comment", "pk": 8, "fields": {"post": 3, "file": "", "user": 8, "text": "sadsda", "created_at": "2024-06-05T16:20:18.055Z"}}, {"model": "posts.comment", "pk": 9, "fields": {"post": 3, "file": "comment_images/Screenshot_from_2024-06-04_14-28-43.png", "user": 8, "text": "sadasd", "created_at": "2024-06-05T20:02:44.849Z"}}, {"model": "posts.comment", "pk": 10, "fields": {"post": 3, "file": "comment_images/devushka_luna_more_1108800_1920x1080.jpg", "user": 8, "text": "sdfjklhsndfnsdkjfnsd j ;fndsdfjklhsndfns dkjfnsdj;fndsdfjklhsndfnsd kjfnsdj;fndsdfjklhsndfnsd kjfnsdj;fndsd fjklhsndfnsdkjfnsdj;fnd sdfjklhsndfn sdkjfnsdj;fnds dfjklhsndfnsdkjfns dj;fndsdfjklhsndfns dkjfnsdj;fndsdfjk lhsndfnsdk jfnsdj;fndsdfjklhs ndfnsdkj fns dj;fndsdfjklhsndfns dkjfnsdj;fndsdfjklhsndfnsdkjfnsdj;fndsdfjklhsndfnsdkjfnsdj;fndsdfjklhsndfnsdkjfnsdj;fndsdfjklhsndfnsdkjfnsdj;fndsdfjklhsndfnsdkjfnsdj;fnds dfjklhsndfnsdkjfnsdj;fnd sdfjklhsndfnsdkjfnsdj;fndsdfjklhsndf nsdkjfnsdj;f  ndsdfjklhsndfnsdkjfnsdj;fndsdfjklhsndfnsdkjfnsdj ;fndsdfjklhsndfnsdkjfnsdj;fndsdfjk lhsndfnsdkjfnsdj;fndsdfjk lhsndfnsdkjfnsdj;fndsdfjkl hsndf ns dkj fn sdj;fndsdfjklhsndfnsdkjfnsdj;fnds dfjklhsndfnsdkjfnsdj ndsdfjklhsndfnsdkjfnsdj;f dsdfjklhsndfnsdkjfnsdj;fn dsdfjklhsndfnsdkjfnsdj;fnd sdfjklhs ndfnsdkjfnsdj;fndsdfj klhsnd sdj;fndsdf jklh   sndfnsdkjfnsdj;fndsdfjklhsndfnsdkjfns dj;fndsdfjklhsndfnsdkjfnsdj; df nsdkjfnsdj;fndsdfjklhsndfnsdkjfnsdj;fndsdfjklhs ndfnsdkjfnsdj; fndsdfjklhsndfnsdkjfnsdj;fndsdfjklhsndfnsdkjfnsdj;fndsdfjklhsndfnsdkjfn sdj;fndsdfjklhsn dfnsdkjfnsdj;fndsdfjklhsndfnsdkjfnsdj;fndsdfjklhsndfnsdkjfnsdj;fnd", "created_at": "2024-06-05T20:14:03.723Z"}}, {"model": "posts.comment", "pk": 11, "fields": {"post": 66, "file": "", "user": 8, "text": "sadsadsad", "created_at": "2024-06-05T20:41:43.956Z"}}, {"model": "posts.comment", "pk": 12, "fields": {"post": 66, "file": "", "user": 8, "text": "sadasd", "created_at": "2024-06-05T20:43:56.668Z"}}, {"model": "posts.comment", "pk": 13, "fields": {"post": 66, "file": "", "user": 8, "text": "sadsad", "created_at": "2024-06-05T20:58:22.910Z"}}, {"model": "posts.comment", "pk": 14, "fields": {"post": 62, "file": "", "user": 8, "text": "sdasda", "created_at": "2024-06-05T20:58:27.070Z"}}, {"model": "posts.comment", "pk": 15, "fields": {"post": 61, "file": "comment_images/Screenshot_from_2024-06-04_14-28-43_3LdsOkS.png", "user": 8, "text": "sadsdasda", "created_at": "2024-06-05T20:58:33.037Z"}}, {"model": "messanger.chat", "pk": 1, "fields": {"participant1": 8, "participant2": 4}}, {"model": "messanger.chat", "pk": 2, "fields": {"participant1": 8, "participant2": 10}}, {"model": "messanger.chat", "pk": 3, "fields": {"participant1": 8, "participant2": 6}}, {"model": "messanger.message", "pk": 1, "fields": {"chat": 1, "sender": 4, "receiver": 8, "content": "Watsap, it's test message", "file": "", "timestamp": "2024-05-20T16:06:54.627Z", "is_read": true}}, {"model": "messanger.message", "pk": 2, "fields": {"chat": 1, "sender": 4, "receiver": 8, "content": "Watsap, it's test message", "file": "", "timestamp": "2024-05-20T16:09:51.877Z", "is_read": true}}, {"model": "messanger.message", "pk": 3, "fields": {"chat": 1, "sender": 4, "receiver": 8, "content": "Watsap, it's test message", "file": "", "timestamp": "2024-05-20T16:10:26.811Z", "is_read": true}}, {"model": "messanger.message", "pk": 4, "fields": {"chat": 1, "sender": 8, "receiver": 4, "content": "Next test message for test timestamp", "file": "", "timestamp": "2024-05-21T12:01:46.824Z", "is_read": true}}, {"model": "messanger.message", "pk": 5, "fields": {"chat": 1, "sender": 8, "receiver": 4, "content": "Next test message for test timestamp", "file": "", "timestamp": "2024-05-21T12:01:48.847Z", "is_read": true}}, {"model": "messanger.message", "pk": 6, "fields": {"chat": 1, "sender": 8, "receiver": 4, "content": "Next test message for test timestamp", "file": "", "timestamp": "2024-05-21T12:01:49.332Z", "is_read": true}}, {"model": "messanger.message", "pk": 7, "fields": {"chat": 1, "sender": 8, "receiver": 4, "content": "Watsap, it's test message", "file": "", "timestamp": "2024-05-22T16:26:47.614Z", "is_read": true}}, {"model": "messanger.message", "pk": 8, "fields": {"chat": 1, "sender": 4, "receiver": 8, "content": "Watsap bro", "file": "", "timestamp": "2024-05-22T16:27:40.979Z", "is_read": true}}, {"model": "messanger.message", "pk": 9, "fields": {"chat": 1, "sender": 4, "receiver": 8, "content": "Look", "file": "photo_messages/example2.webp", "timestamp": "2024-05-22T16:29:01.244Z", "is_read": true}}, {"model": "messanger.message", "pk": 10, "fields": {"chat": 1, "sender": 8, "receiver": 4, "content": "cool picture, but my is better", "file": "photo_messages/example1.webp", "timestamp": "2024-05-22T16:38:12.507Z", "is_read": true}}, {"model": "messanger.message", "pk": 11, "fields": {"chat": 1, "sender": 8, "receiver": 4, "content": "hi friend", "file": "", "timestamp": "2024-05-22T16:52:50.482Z", "is_read": true}}, {"model": "messanger.message", "pk": 12, "fields": {"chat": 1, "sender": 4, "receiver": 8, "content": "how're you?", "file": "photo_messages/23.jpeg", "timestamp": "2024-05-23T17:05:35.591Z", "is_read": true}}, {"model": "messanger.message", "pk": 13, "fields": {"chat": 1, "sender": 4, "receiver": 8, "content": " Next test message for test timestamp Next test message for test timestampNext test message for test timestamp", "file": "", "timestamp": "2024-05-23T17:45:58.737Z", "is_read": true}}, {"model": "messanger.message", "pk": 14, "fields": {"chat": 1, "sender": 4, "receiver": 8, "content": "Hi", "file": "", "timestamp": "2024-05-25T13:30:18.062Z", "is_read": true}}, {"model": "messanger.message", "pk": 15, "fields": {"chat": 1, "sender": 4, "receiver": 8, "content": "hi", "file": "", "timestamp": "2024-05-25T13:46:42.366Z", "is_read": true}}, {"model": "messanger.message", "pk": 16, "fields": {"chat": 1, "sender": 4, "receiver": 8, "content": "hi", "file": "", "timestamp": "2024-05-25T13:47:06.448Z", "is_read": true}}, {"model": "messanger.message", "pk": 17, "fields": {"chat": 1, "sender": 4, "receiver": 8, "content": "hi", "file": "", "timestamp": "2024-05-25T13:47:17.301Z", "is_read": true}}, {"model": "messanger.message", "pk": 18, "fields": {"chat": 1, "sender": 4, "receiver": 8, "content": "hi", "file": "", "timestamp": "2024-05-25T13:47:21.863Z", "is_read": true}}, {"model": "messanger.message", "pk": 19, "fields": {"chat": 1, "sender": 4, "receiver": 8, "content": "saddsa", "file": "", "timestamp": "2024-05-25T13:54:25.979Z", "is_read": true}}, {"model": "messanger.message", "pk": 20, "fields": {"chat": 1, "sender": 4, "receiver": 8, "content": "ds", "file": "", "timestamp": "2024-05-25T13:55:26.030Z", "is_read": true}}, {"model": "messanger.message", "pk": 21, "fields": {"chat": 1, "sender": 4, "receiver": 8, "content": "sad", "file": "", "timestamp": "2024-05-25T13:55:35.672Z", "is_read": true}}, {"model": "messanger.message", "pk": 22, "fields": {"chat": 1, "sender": 8, "receiver": 4, "content": "hi", "file": "", "timestamp": "2024-05-25T13:56:49.989Z", "is_read": true}}, {"model": "messanger.message", "pk": 23, "fields": {"chat": 1, "sender": 4, "receiver": 8, "content": "gi", "file": "", "timestamp": "2024-05-25T13:56:58.374Z", "is_read": true}}, {"model": "messanger.message", "pk": 24, "fields": {"chat": 1, "sender": 4, "receiver": 8, "content": "hi", "file": "", "timestamp": "2024-05-25T13:58:14.593Z", "is_read": true}}, {"model": "messanger.message", "pk": 25, "fields": {"chat": 1, "sender": 8, "receiver": 4, "content": "gi", "file": "", "timestamp": "2024-05-25T13:58:21.572Z", "is_read": true}}, {"model": "messanger.message", "pk": 26, "fields": {"chat": 1, "sender": 4, "receiver": 8, "content": "test1 write to test3", "file": "", "timestamp": "2024-05-25T13:58:46.952Z", "is_read": true}}, {"model": "messanger.message", "pk": 27, "fields": {"chat": 1, "sender": 8, "receiver": 4, "content": "test3 write to test1", "file": "", "timestamp": "2024-05-25T13:58:59.863Z", "is_read": true}}, {"model": "messanger.message", "pk": 28, "fields": {"chat": 1, "sender": 8, "receiver": 4, "content": "asd", "file": "", "timestamp": "2024-05-25T14:06:39.983Z", "is_read": true}}, {"model": "messanger.message", "pk": 29, "fields": {"chat": 1, "sender": 8, "receiver": 4, "content": "sad", "file": "", "timestamp": "2024-05-25T14:06:55.014Z", "is_read": true}}, {"model": "messanger.message", "pk": 30, "fields": {"chat": 1, "sender": 8, "receiver": 4, "content": "asd", "file": "", "timestamp": "2024-05-25T14:07:16.764Z", "is_read": true}}, {"model": "messanger.message", "pk": 31, "fields": {"chat": 1, "sender": 8, "receiver": 4, "content": "test3", "file": "", "timestamp": "2024-05-25T14:09:38.016Z", "is_read": true}}, {"model": "messanger.message", "pk": 32, "fields": {"chat": 1, "sender": 8, "receiver": 4, "content": "test3", "file": "", "timestamp": "2024-05-25T14:09:58.221Z", "is_read": true}}, {"model": "messanger.message", "pk": 33, "fields": {"chat": 1, "sender": 4, "receiver": 8, "content": "test1", "file": "", "timestamp": "2024-05-25T14:10:03.372Z", "is_read": true}}, {"model": "messanger.message", "pk": 34, "fields": {"chat": 1, "sender": 4, "receiver": 8, "content": "test1", "file": "", "timestamp": "2024-05-25T14:10:29.988Z", "is_read": true}}, {"model": "messanger.message", "pk": 35, "fields": {"chat": 1, "sender": 8, "receiver": 4, "content": "test3", "file": "", "timestamp": "2024-05-25T14:10:43.675Z", "is_read": true}}, {"model": "messanger.message", "pk": 36, "fields": {"chat": 1, "sender": 8, "receiver": 4, "content": "sdadsadsa", "file": "", "timestamp": "2024-05-25T14:11:23.180Z", "is_read": true}}, {"model": "messanger.message", "pk": 37, "fields": {"chat": 1, "sender": 4, "receiver": 8, "content": "dsadsadsa", "file": "", "timestamp": "2024-05-25T14:11:35.961Z", "is_read": true}}, {"model": "messanger.message", "pk": 38, "fields": {"chat": 1, "sender": 8, "receiver": 4, "content": "test1", "file": "", "timestamp": "2024-05-25T14:12:46.911Z", "is_read": true}}, {"model": "messanger.message", "pk": 39, "fields": {"chat": 1, "sender": 4, "receiver": 8, "content": "test3", "file": "", "timestamp": "2024-05-25T14:12:59.408Z", "is_read": true}}, {"model": "messanger.message", "pk": 40, "fields": {"chat": 1, "sender": 8, "receiver": 4, "content": "asddsaa", "file": "", "timestamp": "2024-05-25T14:15:05.100Z", "is_read": true}}, {"model": "messanger.message", "pk": 41, "fields": {"chat": 1, "sender": 8, "receiver": 4, "content": null, "file": "photo_messages/rick_morty_ZXD89KN.jpg", "timestamp": "2024-05-25T14:25:27.265Z", "is_read": true}}, {"model": "messanger.message", "pk": 42, "fields": {"chat": 1, "sender": 8, "receiver": 4, "content": "", "file": "/media/photo_messages/rick_morty_ZXD89KN.jpg", "timestamp": "2024-05-25T14:25:27.412Z", "is_read": true}}, {"model": "messanger.message", "pk": 43, "fields": {"chat": 1, "sender": 8, "receiver": 4, "content": null, "file": "photo_messages/rick_morty_HERROCK.jpg", "timestamp": "2024-05-25T14:27:07.443Z", "is_read": true}}, {"model": "messanger.message", "pk": 44, "fields": {"chat": 1, "sender": 8, "receiver": 4, "content": "", "file": "/media/photo_messages/rick_morty_HERROCK.jpg", "timestamp": "2024-05-25T14:27:07.583Z", "is_read": true}}, {"model": "messanger.message", "pk": 45, "fields": {"chat": 1, "sender": 8, "receiver": 4, "content": "asdsad", "file": "", "timestamp": "2024-05-25T14:29:57.641Z", "is_read": true}}, {"model": "messanger.message", "pk": 46, "fields": {"chat": 1, "sender": 8, "receiver": 4, "content": "sdasdaasd", "file": "", "timestamp": "2024-05-25T14:30:00.124Z", "is_read": true}}, {"model": "messanger.message", "pk": 47, "fields": {"chat": 1, "sender": 8, "receiver": 4, "content": "dsadsaasd", "file": "", "timestamp": "2024-05-25T14:30:02.124Z", "is_read": true}}, {"model": "messanger.message", "pk": 48, "fields": {"chat": 1, "sender": 8, "receiver": 4, "content": "hi", "file": "", "timestamp": "2024-05-26T07:41:33.963Z", "is_read": true}}, {"model": "messanger.message", "pk": 49, "fields": {"chat": 1, "sender": 8, "receiver": 4, "content": "", "file": "", "timestamp": "2024-05-26T07:53:58.579Z", "is_read": true}}, {"model": "messanger.message", "pk": 50, "fields": {"chat": 1, "sender": 8, "receiver": 4, "content": null, "file": "photo_messages/rick_morty_uKWGlRw.jpg", "timestamp": "2024-05-26T08:01:37.541Z", "is_read": true}}, {"model": "messanger.message", "pk": 51, "fields": {"chat": 1, "sender": 8, "receiver": 4, "content": "", "file": "/media/photo_messages/rick_morty_uKWGlRw.jpg", "timestamp": "2024-05-26T08:01:37.715Z", "is_read": true}}, {"model": "messanger.message", "pk": 52, "fields": {"chat": 1, "sender": 8, "receiver": 4, "content": "", "file": "/media/rick_morty.jpg", "timestamp": "2024-05-26T08:03:26.378Z", "is_read": true}}, {"model": "messanger.message", "pk": 53, "fields": {"chat": 1, "sender": 8, "receiver": 4, "content": "", "file": "", "timestamp": "2024-05-26T08:03:33.165Z", "is_read": true}}, {"model": "messanger.message", "pk": 54, "fields": {"chat": 1, "sender": 8, "receiver": 4, "content": "watsap", "file": "/media/rick_morty_Rb5MYVS.jpg", "timestamp": "2024-05-26T08:08:12.849Z", "is_read": true}}, {"model": "messanger.message", "pk": 55, "fields": {"chat": 1, "sender": 8, "receiver": 4, "content": "hi", "file": "", "timestamp": "2024-05-26T08:11:24.286Z", "is_read": true}}, {"model": "messanger.message", "pk": 56, "fields": {"chat": 1, "sender": 8, "receiver": 4, "content": "Hi", "file": "", "timestamp": "2024-05-26T08:13:48.801Z", "is_read": true}}, {"model": "messanger.message", "pk": 57, "fields": {"chat": 1, "sender": 8, "receiver": 4, "content": null, "file": "photo_messages/rickandmorty_app.webp", "timestamp": "2024-05-26T08:14:04.896Z", "is_read": true}}, {"model": "messanger.message", "pk": 58, "fields": {"chat": 1, "sender": 8, "receiver": 4, "content": "Hello", "file": "/media/photo_messages/rickandmorty_app.webp", "timestamp": "2024-05-26T08:14:05.043Z", "is_read": true}}, {"model": "messanger.message", "pk": 59, "fields": {"chat": 1, "sender": 8, "receiver": 4, "content": "sdasda", "file": "/media/photo_messages/example1_RBOxK30.webp", "timestamp": "2024-05-26T08:29:32.316Z", "is_read": true}}, {"model": "messanger.message", "pk": 60, "fields": {"chat": 1, "sender": 8, "receiver": 4, "content": "sadsad", "file": "/media/photo_messages/example3.webp", "timestamp": "2024-05-26T08:30:29.649Z", "is_read": true}}, {"model": "messanger.message", "pk": 61, "fields": {"chat": 1, "sender": 8, "receiver": 4, "content": "sdadsa", "file": "/media/photo_messages/example3_ZzM2b3S.webp", "timestamp": "2024-05-26T08:31:27.141Z", "is_read": true}}, {"model": "messanger.message", "pk": 62, "fields": {"chat": 1, "sender": 8, "receiver": 4, "content": "sdadsa", "file": "/media/photo_messages/example3_qMi3mJW.webp", "timestamp": "2024-05-26T08:31:45.482Z", "is_read": true}}, {"model": "messanger.message", "pk": 63, "fields": {"chat": 1, "sender": 8, "receiver": 4, "content": "", "file": "/media/photo_messages/example1.webp", "timestamp": "2024-05-26T08:41:24.232Z", "is_read": true}}, {"model": "messanger.message", "pk": 64, "fields": {"chat": 1, "sender": 8, "receiver": 4, "content": "sdadsa", "file": "/media/photo_messages/example3.webp", "timestamp": "2024-05-26T08:42:46.830Z", "is_read": true}}, {"model": "messanger.message", "pk": 65, "fields": {"chat": 1, "sender": 8, "receiver": 4, "content": "sdadsa", "file": "/medi", "timestamp": "2024-05-26T08:44:06.497Z", "is_read": true}}, {"model": "messanger.message", "pk": 66, "fields": {"chat": 1, "sender": 8, "receiver": 4, "content": "dsaadssad", "file": "/photo_messages/example3.webp", "timestamp": "2024-05-26T08:44:30.016Z", "is_read": true}}, {"model": "messanger.message", "pk": 67, "fields": {"chat": 1, "sender": 8, "receiver": 4, "content": "sadsadsad", "file": "/media/photo_messages/example3.webp", "timestamp": "2024-05-26T08:45:51.924Z", "is_read": true}}, {"model": "messanger.message", "pk": 68, "fields": {"chat": 1, "sender": 8, "receiver": 4, "content": "sadsda", "file": "/photo_messages/example3.webp", "timestamp": "2024-05-26T08:47:23.607Z", "is_read": true}}, {"model": "messanger.message", "pk": 69, "fields": {"chat": 1, "sender": 4, "receiver": 8, "content": "sad", "file": "/photo_messages/example3.webp", "timestamp": "2024-05-26T08:48:51.935Z", "is_read": true}}, {"model": "messanger.message", "pk": 70, "fields": {"chat": 1, "sender": 8, "receiver": 4, "content": "sadasd", "file": "/photo_messages/rickandmorty_app.webp", "timestamp": "2024-05-26T09:04:44.516Z", "is_read": true}}, {"model": "messanger.message", "pk": 71, "fields": {"chat": 2, "sender": 8, "receiver": 10, "content": "Hello friend", "file": "", "timestamp": "2024-05-27T07:28:15.023Z", "is_read": true}}, {"model": "messanger.message", "pk": 72, "fields": {"chat": 3, "sender": 8, "receiver": 6, "content": "hi", "file": "", "timestamp": "2024-05-27T07:31:35.620Z", "is_read": true}}, {"model": "messanger.message", "pk": 73, "fields": {"chat": 3, "sender": 8, "receiver": 6, "content": "Hi", "file": "/photo_messages/example3.webp", "timestamp": "2024-05-31T13:36:45.824Z", "is_read": true}}, {"model": "messanger.message", "pk": 74, "fields": {"chat": 3, "sender": 8, "receiver": 6, "content": "ds", "file": "", "timestamp": "2024-05-31T13:38:29.385Z", "is_read": true}}, {"model": "messanger.message", "pk": 75, "fields": {"chat": 3, "sender": 8, "receiver": 6, "content": "sda", "file": "", "timestamp": "2024-05-31T13:38:43.905Z", "is_read": true}}, {"model": "messanger.message", "pk": 76, "fields": {"chat": 3, "sender": 8, "receiver": 6, "content": "asd", "file": "", "timestamp": "2024-05-31T13:38:50.106Z", "is_read": true}}, {"model": "messanger.message", "pk": 77, "fields": {"chat": 3, "sender": 8, "receiver": 6, "content": "sad", "file": "", "timestamp": "2024-05-31T13:38:59.552Z", "is_read": true}}, {"model": "messanger.message", "pk": 78, "fields": {"chat": 3, "sender": 8, "receiver": 6, "content": "asd", "file": "", "timestamp": "2024-05-31T13:39:11.243Z", "is_read": true}}, {"model": "messanger.message", "pk": 79, "fields": {"chat": 3, "sender": 8, "receiver": 6, "content": "Hi", "file": "/photo_messages/rickandmorty_app.webp", "timestamp": "2024-05-31T13:39:21.820Z", "is_read": true}}, {"model": "messanger.message", "pk": 80, "fields": {"chat": 3, "sender": 8, "receiver": 6, "content": "asd", "file": "", "timestamp": "2024-05-31T13:40:16.410Z", "is_read": true}}, {"model": "messanger.message", "pk": 81, "fields": {"chat": 1, "sender": 8, "receiver": 4, "content": "asd", "file": "", "timestamp": "2024-05-31T15:09:14.505Z", "is_read": true}}, {"model": "messanger.message", "pk": 82, "fields": {"chat": 1, "sender": 8, "receiver": 4, "content": "hj", "file": "", "timestamp": "2024-05-31T15:11:35.624Z", "is_read": true}}, {"model": "messanger.message", "pk": 83, "fields": {"chat": 1, "sender": 8, "receiver": 4, "content": "sadsda", "file": "", "timestamp": "2024-05-31T15:18:00.931Z", "is_read": true}}, {"model": "messanger.message", "pk": 84, "fields": {"chat": 1, "sender": 8, "receiver": 4, "content": "asd", "file": "", "timestamp": "2024-05-31T15:19:44.516Z", "is_read": true}}, {"model": "messanger.message", "pk": 85, "fields": {"chat": 1, "sender": 8, "receiver": 4, "content": "asdasd", "file": "", "timestamp": "2024-05-31T15:21:35.862Z", "is_read": true}}, {"model": "messanger.message", "pk": 86, "fields": {"chat": 1, "sender": 8, "receiver": 4, "content": "sdadsa", "file": "", "timestamp": "2024-05-31T15:22:52.111Z", "is_read": true}}, {"model": "messanger.message", "pk": 87, "fields": {"chat": 1, "sender": 8, "receiver": 4, "content": "saddsadsa", "file": "", "timestamp": "2024-05-31T15:23:12.178Z", "is_read": true}}, {"model": "messanger.message", "pk": 88, "fields": {"chat": 1, "sender": 8, "receiver": 4, "content": "saddsa", "file": "", "timestamp": "2024-05-31T15:26:27.410Z", "is_read": true}}, {"model": "messanger.message", "pk": 89, "fields": {"chat": 1, "sender": 8, "receiver": 4, "content": "asdasd", "file": "", "timestamp": "2024-06-01T08:50:41.206Z", "is_read": true}}, {"model": "messanger.message", "pk": 90, "fields": {"chat": 1, "sender": 4, "receiver": 8, "content": "saddsadsa", "file": "", "timestamp": "2024-06-01T08:54:01.553Z", "is_read": true}}, {"model": "messanger.message", "pk": 91, "fields": {"chat": 1, "sender": 4, "receiver": 8, "content": "sadsad", "file": "", "timestamp": "2024-06-01T08:54:47.799Z", "is_read": true}}, {"model": "messanger.message", "pk": 92, "fields": {"chat": 1, "sender": 8, "receiver": 4, "content": "", "file": "/photo_messages/rickandmorty_app.webp", "timestamp": "2024-06-01T08:55:14.082Z", "is_read": true}}, {"model": "messanger.message", "pk": 93, "fields": {"chat": 3, "sender": 8, "receiver": 6, "content": "", "file": "", "timestamp": "2024-06-03T10:21:25.217Z", "is_read": false}}, {"model": "messanger.message", "pk": 94, "fields": {"chat": 1, "sender": 8, "receiver": 4, "content": "sdadsasadsad", "file": "", "timestamp": "2024-06-03T10:22:10.072Z", "is_read": true}}, {"model": "messanger.message", "pk": 95, "fields": {"chat": 1, "sender": 8, "receiver": 4, "content": "saddsaasd", "file": "", "timestamp": "2024-06-03T10:22:11.495Z", "is_read": true}}, {"model": "messanger.message", "pk": 96, "fields": {"chat": 1, "sender": 8, "receiver": 4, "content": "sdasdasad", "file": "", "timestamp": "2024-06-03T10:22:12.385Z", "is_read": true}}, {"model": "messanger.message", "pk": 97, "fields": {"chat": 1, "sender": 4, "receiver": 8, "content": "sad", "file": "", "timestamp": "2024-06-03T10:29:31.147Z", "is_read": true}}, {"model": "messanger.message", "pk": 98, "fields": {"chat": 1, "sender": 4, "receiver": 8, "content": "sad", "file": "", "timestamp": "2024-06-03T10:29:32.448Z", "is_read": true}}, {"model": "messanger.message", "pk": 99, "fields": {"chat": 1, "sender": 4, "receiver": 8, "content": "d", "file": "", "timestamp": "2024-06-03T10:29:33.304Z", "is_read": true}}, {"model": "messanger.message", "pk": 100, "fields": {"chat": 1, "sender": 4, "receiver": 8, "content": "\ns\ns\ns\n", "file": "", "timestamp": "2024-06-03T10:29:37.458Z", "is_read": true}}, {"model": "messanger.message", "pk": 101, "fields": {"chat": 1, "sender": 4, "receiver": 8, "content": "\n", "file": "", "timestamp": "2024-06-03T10:29:38.342Z", "is_read": true}}, {"model": "messanger.message", "pk": 102, "fields": {"chat": 1, "sender": 4, "receiver": 8, "content": "sdasda", "file": "", "timestamp": "2024-06-03T10:29:59.663Z", "is_read": true}}, {"model": "messanger.message", "pk": 103, "fields": {"chat": 1, "sender": 4, "receiver": 8, "content": "asd", "file": "", "timestamp": "2024-06-03T10:35:12.741Z", "is_read": true}}, {"model": "messanger.message", "pk": 104, "fields": {"chat": 1, "sender": 8, "receiver": 4, "content": "s", "file": "", "timestamp": "2024-06-03T10:35:36.996Z", "is_read": true}}, {"model": "messanger.message", "pk": 105, "fields": {"chat": 1, "sender": 8, "receiver": 4, "content": "s", "file": "", "timestamp": "2024-06-03T10:35:37.622Z", "is_read": true}}, {"model": "messanger.message", "pk": 106, "fields": {"chat": 1, "sender": 8, "receiver": 4, "content": "s", "file": "", "timestamp": "2024-06-03T10:35:38.333Z", "is_read": true}}, {"model": "messanger.message", "pk": 107, "fields": {"chat": 1, "sender": 8, "receiver": 4, "content": "s", "file": "", "timestamp": "2024-06-03T10:35:38.940Z", "is_read": true}}, {"model": "messanger.message", "pk": 108, "fields": {"chat": 1, "sender": 8, "receiver": 4, "content": "s", "file": "", "timestamp": "2024-06-03T10:35:39.622Z", "is_read": true}}, {"model": "messanger.message", "pk": 109, "fields": {"chat": 1, "sender": 8, "receiver": 4, "content": "s", "file": "", "timestamp": "2024-06-03T10:35:41.386Z", "is_read": true}}, {"model": "messanger.message", "pk": 110, "fields": {"chat": 1, "sender": 8, "receiver": 4, "content": "s", "file": "", "timestamp": "2024-06-03T10:35:42.705Z", "is_read": true}}, {"model": "messanger.message", "pk": 111, "fields": {"chat": 1, "sender": 8, "receiver": 4, "content": "s", "file": "", "timestamp": "2024-06-03T10:35:43.450Z", "is_read": true}}, {"model": "messanger.message", "pk": 112, "fields": {"chat": 1, "sender": 8, "receiver": 4, "content": "s", "file": "", "timestamp": "2024-06-04T16:25:09.360Z", "is_read": false}}]